timestamp,received_time,label,sensor_0_gas,sensor_0_temp,sensor_0_humidity,sensor_1_gas,sensor_1_temp,sensor_1_humidity,sensor_2_gas,sensor_2_temp,sensor_2_humidity,sensor_3_gas,sensor_3_temp,sensor_3_humidity,sensor_4_gas,sensor_4_temp,sensor_4_humidity,sensor_5_gas,sensor_5_temp,sensor_5_humidity,sensor_6_gas,sensor_6_temp,sensor_6_humidity,sensor_7_gas,sensor_7_temp,sensor_7_humidity
87772,2026-04-06T13:53:01.602772,coffee,219459,36.41,36.45,271906.0,36.68,36.67,180535.0,37.37,35.19,271258,37.34,34.95,270398,37.28,35.4,261091,37.19,34.83,217640,36.8,36.41,207455,36.96,35.86
88272,2026-04-06T13:53:02.106062,coffee,219459,36.4,36.57,271906.0,36.66,36.79,180535.0,37.35,35.3,271258,37.32,35.07,270398,37.25,35.53,261091,37.18,34.93,217640,36.78,36.51,207455,36.94,35.97
88772,2026-04-06T13:53:02.604204,coffee,219459,36.38,36.65,271906.0,36.65,36.9,180535.0,37.33,35.43,271258,37.31,35.21,270398,37.24,35.64,261091,37.17,35.05,217640,36.77,36.63,207455,36.93,36.1
89272,2026-04-06T13:53:03.103571,coffee,219459,36.36,36.74,271906.0,36.63,36.99,180535.0,37.32,35.52,271258,37.3,35.3,270398,37.23,35.73,261091,37.15,35.15,217640,36.76,36.74,207455,36.92,36.19
89772,2026-04-06T13:53:03.613599,coffee,219459,36.35,36.83,271906.0,36.63,37.1,180535.0,37.3,35.62,271258,37.27,35.38,270398,37.22,35.83,261091,37.14,35.24,217640,36.75,36.8,207455,36.9,36.28
90272,2026-04-06T13:53:04.103999,coffee,219459,36.34,36.93,271906.0,36.6,37.18,180535.0,37.3,35.71,271258,37.26,35.48,270398,37.21,35.9,261091,37.14,35.33,217640,36.74,36.9,207455,36.89,36.39
90772,2026-04-06T13:53:04.603781,coffee,219459,36.33,37.0,271906.0,36.6,37.28,180535.0,37.28,35.78,271258,37.25,35.57,270398,37.2,36.0,261091,37.12,35.43,217640,36.73,36.99,207455,36.88,36.47
91272,2026-04-06T13:53:05.103934,coffee,219459,36.32,37.04,271906.0,36.58,37.34,180535.0,37.27,35.88,271258,37.23,35.64,270398,37.19,36.09,261091,37.12,35.47,217640,36.74,37.06,207455,36.87,36.53
91772,2026-04-06T13:53:05.603845,coffee,219459,36.31,37.13,271906.0,36.57,37.41,180535.0,37.25,35.94,271258,37.22,35.72,270398,37.18,36.16,261091,37.1,35.56,217640,36.72,37.12,207455,36.87,36.59
92272,2026-04-06T13:53:06.120817,coffee,219459,36.3,37.19,271906.0,36.56,37.48,180535.0,37.23,36.0,271258,37.21,35.78,270398,37.18,36.21,261091,37.09,35.63,217640,36.72,37.2,207455,36.86,36.65
92772,2026-04-06T13:53:06.603798,coffee,219459,36.29,37.23,271906.0,36.55,37.5,180535.0,37.22,36.04,271258,37.2,35.8,270398,37.17,36.27,261091,37.08,35.68,217640,36.71,37.27,207455,36.85,36.71
93272,2026-04-06T13:53:07.103748,coffee,219459,36.28,37.28,271906.0,36.55,37.54,180535.0,37.21,36.09,271258,37.19,35.86,270398,37.16,36.3,261091,37.08,35.72,217640,36.7,37.29,207455,36.84,36.77
93772,2026-04-06T13:53:07.603876,coffee,219459,36.27,37.3,271906.0,36.53,37.59,180535.0,37.2,36.13,271258,37.18,35.91,270398,37.15,36.34,261091,37.08,35.75,217640,36.7,37.35,207455,36.84,36.81
94272,2026-04-06T13:53:08.103635,coffee,219459,36.26,37.34,271906.0,36.53,37.61,180535.0,37.19,36.17,271258,37.17,35.92,270398,37.15,36.38,261091,37.07,35.78,217640,36.7,37.38,207455,36.83,36.85
94772,2026-04-06T13:53:08.609908,coffee,219459,36.26,37.36,271906.0,36.52,37.62,180535.0,37.2,36.19,271258,37.16,35.95,270398,37.15,36.39,261091,37.06,35.81,217640,36.69,37.39,207455,36.82,36.88
95272,2026-04-06T13:53:09.103293,coffee,219459,36.25,37.37,271906.0,36.51,37.66,180535.0,37.18,36.21,271258,37.16,35.97,270398,37.14,36.41,261091,37.05,35.84,217640,36.69,37.41,207455,36.82,36.93
95772,2026-04-06T13:53:09.603634,coffee,219459,36.24,37.4,271906.0,36.51,37.66,180535.0,37.17,36.23,271258,37.15,35.98,270398,37.14,36.41,261091,37.05,35.89,217640,36.68,37.43,207455,36.81,36.95
96272,2026-04-06T13:53:10.103608,coffee,219459,36.23,37.41,271906.0,36.5,37.67,180535.0,37.16,36.24,271258,37.15,36.0,270398,37.13,36.42,261091,37.04,35.88,217640,36.67,37.47,207455,36.82,36.96
96772,2026-04-06T13:53:10.603600,coffee,219459,36.22,37.45,271906.0,36.49,37.69,180535.0,37.16,36.25,271258,37.14,35.99,270398,37.12,36.42,261091,37.03,35.91,217640,36.67,37.46,207455,36.8,36.98
97272,2026-04-06T13:53:11.103741,coffee,219459,36.21,37.46,271906.0,36.48,37.7,180535.0,37.15,36.28,271258,37.13,36.02,270398,37.12,36.44,261091,37.03,35.92,217640,36.66,37.48,207455,36.81,37.0
97772,2026-04-06T13:53:11.603958,coffee,219459,36.2,37.48,271906.0,36.48,37.72,180535.0,37.14,36.29,271258,37.13,36.03,270398,37.12,36.43,261091,37.03,35.91,217640,36.67,37.5,207455,36.8,37.04
98272,2026-04-06T13:53:12.103655,coffee,219459,36.21,37.51,271906.0,36.47,37.71,180535.0,37.14,36.31,271258,37.12,36.05,270398,37.12,36.46,261091,37.02,35.93,217640,36.67,37.5,207455,36.8,37.05
98772,2026-04-06T13:53:12.605769,coffee,219459,36.2,37.49,271906.0,36.47,37.72,180535.0,37.13,36.31,271258,37.1,36.03,270398,37.11,36.43,261091,37.02,35.94,217640,36.66,37.51,207455,36.78,37.05
99272,2026-04-06T13:53:13.103963,coffee,219459,36.19,37.53,271906.0,36.46,37.73,180535.0,37.13,36.31,271258,37.11,36.04,270398,37.11,36.43,261091,37.02,35.95,217640,36.66,37.52,207455,36.78,37.07
99772,2026-04-06T13:53:13.603817,coffee,219459,36.18,37.53,271906.0,36.46,37.72,180535.0,37.12,36.32,271258,37.1,36.05,270398,37.11,36.45,261091,37.02,35.96,217640,36.66,37.52,207455,36.78,37.09
100272,2026-04-06T13:53:14.103855,coffee,219459,36.18,37.54,271906.0,36.45,37.73,180535.0,37.11,36.36,271258,37.1,36.05,270398,37.11,36.43,261091,37.01,35.96,217640,36.65,37.54,207455,36.77,37.11
100772,2026-04-06T13:53:14.603849,coffee,219459,36.17,37.56,271906.0,36.45,37.73,180535.0,37.11,36.36,271258,37.1,36.05,270398,37.11,36.43,261091,37.01,35.96,217640,36.65,37.52,207455,36.78,37.11
101272,2026-04-06T13:53:15.104847,coffee,219459,36.17,37.56,271906.0,36.44,37.72,180535.0,37.1,36.36,271258,37.09,36.06,270398,37.11,36.42,261091,37.0,35.97,217640,36.66,37.54,207455,36.77,37.1
101772,2026-04-06T13:53:15.603063,coffee,178272,36.16,37.57,222318.0,36.44,37.71,180535.0,37.09,36.37,221166,37.09,36.05,235510,37.1,36.41,235836,37.0,35.97,176066,36.65,37.52,171985,36.76,37.13
102272,2026-04-06T13:53:16.103859,coffee,178272,36.72,37.64,222318.0,37.0,37.77,161107.0,37.09,36.38,221166,37.65,36.11,235510,37.69,36.47,235836,37.57,36.03,176066,37.19,37.58,171985,37.32,37.2
102772,2026-04-06T13:53:16.603637,coffee,178272,36.98,37.6,222318.0,37.26,37.73,161107.0,37.66,36.44,221166,37.94,36.07,235510,37.99,36.45,235836,37.86,36.02,176066,37.47,37.55,171985,37.59,37.16
103272,2026-04-06T13:53:17.103815,coffee,178272,37.09,37.52,222318.0,37.39,37.63,161107.0,37.93,36.43,221166,38.08,35.99,235510,38.14,36.35,235836,37.99,35.92,176066,37.6,37.45,171985,37.71,37.06
103772,2026-04-06T13:53:17.603766,coffee,178272,37.15,37.39,222318.0,37.46,37.48,161107.0,38.05,36.32,221166,38.15,35.86,235510,38.22,36.24,235836,38.07,35.8,176066,37.67,37.35,171985,37.79,36.97
104272,2026-04-06T13:53:18.103840,coffee,25211,37.18,37.26,29622.0,37.51,37.36,161107.0,38.13,36.23,30910,38.21,35.74,37155,38.28,36.13,33376,38.13,35.69,24917,37.73,37.19,25452,37.84,36.84
104772,2026-04-06T13:53:18.680682,coffee,25211,37.21,37.15,29622.0,37.54,37.21,27084.0,38.18,36.11,30910,38.26,35.64,37155,38.33,35.99,33376,38.16,35.59,24917,37.77,37.08,25452,37.88,36.73
105272,2026-04-06T13:53:19.103545,coffee,25211,37.22,37.05,29622.0,37.57,37.11,27084.0,38.22,35.99,30910,38.28,35.53,37155,38.35,35.87,33376,38.2,35.5,24917,37.8,36.96,25452,37.92,36.63
105772,2026-04-06T13:53:19.682918,coffee,25211,37.25,36.95,29622.0,37.59,36.99,27084.0,38.25,35.9,30910,38.32,35.43,37155,38.39,35.74,33376,38.23,35.39,24917,37.83,36.85,25452,37.94,36.52
106272,2026-04-06T13:53:20.103477,coffee,25211,37.27,36.85,29622.0,37.62,36.91,27084.0,38.28,35.81,30910,38.34,35.34,37155,38.41,35.67,33376,38.26,35.3,24917,37.85,36.74,25452,37.96,36.42
106772,2026-04-06T13:53:20.602950,coffee,27990,37.28,36.8,32611.0,37.63,36.83,27084.0,38.3,35.7,34015,38.35,35.25,41653,38.44,35.56,37881,38.28,35.21,27170,37.87,36.65,28008,37.98,36.32
107272,2026-04-06T13:53:21.104348,coffee,27990,37.3,36.72,32611.0,37.66,36.75,29767.0,38.31,35.65,34015,38.38,35.17,41653,38.46,35.47,37881,38.29,35.12,27170,37.9,36.55,28008,38.0,36.26
107772,2026-04-06T13:53:21.603544,coffee,27990,37.31,36.67,32611.0,37.67,36.69,29767.0,38.32,35.58,34015,38.39,35.11,41653,38.48,35.37,37881,38.31,35.08,27170,37.9,36.49,28008,38.02,36.16
108272,2026-04-06T13:53:22.109575,coffee,27990,37.32,36.62,32611.0,37.69,36.63,29767.0,38.35,35.51,34015,38.42,35.05,41653,38.5,35.33,37881,38.32,35.0,27170,37.92,36.4,28008,38.04,36.12
108772,2026-04-06T13:53:22.606088,coffee,27990,37.34,36.58,32611.0,37.7,36.59,29767.0,38.36,35.45,34015,38.44,34.99,41653,38.51,35.25,37881,38.34,34.94,27170,37.93,36.35,28008,38.06,36.06
109272,2026-04-06T13:53:23.103803,coffee,28590,37.34,36.52,33376.0,37.72,36.54,29767.0,38.37,35.41,34735,38.46,34.93,42652,38.53,35.19,39131,38.35,34.88,27735,37.95,36.3,28533,38.07,36.0
109772,2026-04-06T13:53:23.603689,coffee,28590,37.67,36.53,33376.0,38.06,36.55,30231.0,38.38,35.37,34735,38.78,34.93,42652,38.87,35.16,39131,38.7,34.86,27735,38.28,36.28,28533,38.4,35.98
110272,2026-04-06T13:53:24.199867,coffee,28590,37.85,36.5,33376.0,38.26,36.52,30231.0,38.73,35.38,34735,38.98,34.89,42652,39.09,35.1,39131,38.93,34.81,27735,38.5,36.24,28533,38.6,35.91
110772,2026-04-06T13:53:24.603886,coffee,28590,37.95,36.42,33376.0,38.37,36.45,30231.0,38.94,35.32,34735,39.1,34.8,42652,39.2,35.01,39131,39.05,34.73,27735,38.61,36.13,28533,38.71,35.84
111272,2026-04-06T13:53:25.103373,coffee,28590,38.0,36.35,33376.0,38.44,36.35,30231.0,39.05,35.26,34735,39.17,34.72,42652,39.29,34.93,39131,39.13,34.64,27735,38.69,36.02,28533,38.78,35.74
111772,2026-04-06T13:53:25.604114,coffee,54794,38.04,36.26,67332.0,38.49,36.29,30231.0,39.13,35.17,69640,39.23,34.62,78191,39.33,34.82,71508,39.18,34.53,58274,38.74,35.91,55327,38.84,35.63
112272,2026-04-06T13:53:26.104487,coffee,54794,38.08,36.19,67332.0,38.53,36.17,54619.0,39.18,35.08,69640,39.28,34.56,78191,39.39,34.72,71508,39.22,34.43,58274,38.78,35.79,55327,38.88,35.54
112772,2026-04-06T13:53:26.604656,coffee,54794,38.11,36.11,67332.0,38.57,36.11,54619.0,39.23,34.99,69640,39.32,34.46,78191,39.43,34.62,71508,39.26,34.35,58274,38.83,35.7,55327,38.91,35.44
113272,2026-04-06T13:53:27.103721,coffee,54794,38.14,36.04,67332.0,38.61,36.01,54619.0,39.26,34.92,69640,39.35,34.38,78191,39.47,34.54,71508,39.3,34.25,58274,38.86,35.62,55327,38.95,35.37
113772,2026-04-06T13:53:27.603867,coffee,54794,38.16,35.97,67332.0,38.63,35.98,54619.0,39.29,34.83,69640,39.38,34.3,78191,39.49,34.45,71508,39.32,34.19,58274,38.88,35.53,55327,38.98,35.27
114272,2026-04-06T13:53:28.103777,coffee,54237,38.18,35.92,66597.0,38.66,35.89,54619.0,39.33,34.76,68412,39.43,34.25,77201,39.52,34.39,70796,39.35,34.13,57450,38.92,35.48,54794,39.01,35.18
114772,2026-04-06T13:53:28.602981,coffee,54237,38.22,35.88,66597.0,38.69,35.83,54340.0,39.35,34.7,68412,39.45,34.17,77201,39.54,34.18,70796,39.39,34.05,57450,38.95,35.38,54794,39.03,35.13
115272,2026-04-06T13:53:29.103798,coffee,54237,38.23,35.83,66597.0,38.72,35.79,54340.0,39.38,34.62,68412,39.47,34.13,77201,39.58,34.26,70796,39.41,33.99,57450,38.97,35.33,54794,39.06,35.08
115772,2026-04-06T13:53:29.603591,coffee,54237,38.26,35.79,66597.0,38.74,35.72,54340.0,39.41,34.57,68412,39.49,34.07,77201,39.6,34.23,70796,39.43,33.94,57450,39.0,35.27,54794,39.07,35.02
116272,2026-04-06T13:53:30.103563,coffee,54237,38.28,35.74,66597.0,38.77,35.68,54340.0,39.43,34.53,68412,39.52,34.04,76784,39.64,34.12,70796,39.45,33.88,57450,39.03,35.22,54794,39.1,34.97
116772,2026-04-06T13:53:30.603594,coffee,53997,38.3,35.71,66338.0,38.79,35.62,54340.0,39.46,34.48,68412,39.55,33.97,76784,39.66,34.1,70737,39.47,33.84,57104,39.05,35.17,54375,39.13,34.93
117272,2026-04-06T13:53:31.103577,coffee,53997,38.32,35.67,66338.0,38.81,35.58,54306.0,39.47,34.44,68412,39.56,33.95,76784,39.68,34.05,70737,39.5,33.8,57104,39.07,35.12,54375,39.15,34.88
117772,2026-04-06T13:53:31.603652,coffee,53997,38.34,35.63,66338.0,38.83,35.55,54306.0,39.5,34.39,68412,39.59,33.89,76784,39.71,34.0,70737,39.51,33.75,57104,39.09,35.09,54375,39.17,34.85
118272,2026-04-06T13:53:32.102837,coffee,53997,38.35,35.59,66338.0,38.84,35.5,54306.0,39.52,34.34,68412,39.61,33.86,76784,39.72,33.99,70737,39.53,33.71,57104,39.1,35.04,54375,39.2,34.8
118772,2026-04-06T13:53:32.603674,coffee,53997,38.38,35.56,66338.0,38.87,35.47,54306.0,39.54,34.32,68412,39.64,33.82,76440,39.75,33.95,70737,39.56,33.67,57104,39.12,35.01,54375,39.22,34.77
119272,2026-04-06T13:53:33.103733,coffee,53792,38.4,35.53,65928.0,38.88,35.45,54306.0,39.56,34.27,67814,39.65,33.8,76440,38.82,33.82,70445,39.58,33.65,57142,39.15,34.97,54065,39.24,34.74
119772,2026-04-06T13:53:33.602655,coffee,53792,37.51,35.41,65928.0,38.0,35.3,54168.0,39.58,34.24,67814,38.76,33.66,595521,38.34,33.85,70445,38.65,33.53,57142,38.28,34.86,54065,38.36,34.61
120272,2026-04-06T13:53:34.103665,coffee,547740,37.1,35.44,673684.0,37.55,35.36,54168.0,38.67,34.11,689330,38.31,33.69,595521,38.12,33.97,561711,38.17,33.54,545551,37.82,34.86,488549,37.93,34.63
120772,2026-04-06T13:53:34.603661,coffee,547740,36.93,35.57,673684.0,37.34,35.46,426844.0,38.23,34.14,689330,38.1,33.79,595521,37.99,34.11,561711,37.95,33.66,545551,37.62,34.97,488549,37.73,34.73
121272,2026-04-06T13:53:35.102917,coffee,547740,36.83,35.68,673684.0,37.22,35.62,426844.0,38.0,34.26,689330,37.98,33.95,595521,37.9,34.31,561711,37.82,33.82,545551,37.49,35.14,488549,37.62,34.9
121772,2026-04-06T13:53:35.753606,coffee,547740,36.78,35.92,673684.0,37.14,35.79,426844.0,37.88,34.42,689330,37.89,34.1,595521,37.84,34.49,561711,37.74,33.99,545551,37.42,35.34,488549,37.54,35.05
122272,2026-04-06T13:53:36.103768,coffee,547740,36.74,36.1,673684.0,37.09,35.96,426844.0,37.79,34.61,689330,37.83,34.27,595521,37.79,34.67,561711,37.67,34.16,545551,37.36,35.53,488549,37.48,35.23
122772,2026-04-06T13:53:36.603220,coffee,547740,36.71,36.27,673684.0,37.05,36.13,426844.0,37.74,34.76,689330,37.78,34.44,595521,37.76,34.82,561711,37.64,34.31,545551,37.33,35.7,488549,37.45,35.41
123272,2026-04-06T13:53:37.102950,coffee,547740,36.68,36.37,673684.0,37.02,36.3,426844.0,37.7,34.92,689330,37.74,34.59,595521,37.72,34.95,561711,37.59,34.48,545551,37.29,35.87,488549,37.41,35.56
123772,2026-04-06T13:53:37.604084,coffee,547740,36.67,36.5,673684.0,36.99,36.43,426844.0,37.66,35.08,689330,37.71,34.72,595521,37.69,35.1,561711,37.56,34.62,545551,37.26,36.03,488549,37.38,35.7
124272,2026-04-06T13:53:38.103696,coffee,547740,36.63,36.75,673684.0,36.97,36.57,426844.0,37.63,35.23,689330,37.67,34.85,595521,37.67,35.23,561711,37.53,34.75,545551,37.24,36.17,488549,37.35,35.84
124772,2026-04-06T13:53:38.603706,coffee,282716,36.61,36.84,673684.0,36.94,36.67,426844.0,37.6,35.34,689330,37.65,34.97,335188,37.65,35.35,561711,37.51,34.89,545551,37.22,36.25,488549,37.33,35.98
125272,2026-04-06T13:53:39.103780,coffee,282716,36.59,36.92,341561.0,36.92,36.8,426844.0,37.58,35.48,341561,37.63,35.1,335188,37.63,35.44,329366,37.49,35.01,273650,37.21,36.38,262093,37.31,36.1
125772,2026-04-06T13:53:39.806022,coffee,282716,36.58,37.02,341561.0,36.91,36.9,239812.0,37.55,35.58,341561,37.6,35.2,335188,37.62,35.56,329366,37.48,35.12,273650,37.19,36.64,262093,37.3,36.19
126272,2026-04-06T13:53:40.103754,coffee,282716,36.57,37.1,341561.0,36.9,36.98,239812.0,37.54,35.7,341561,37.58,35.28,335188,37.6,35.64,329366,37.46,35.22,273650,37.16,36.71,262093,37.29,36.31
126772,2026-04-06T13:53:40.604011,coffee,282716,36.56,37.16,341561.0,36.88,37.08,239812.0,37.52,35.79,341561,37.57,35.37,335188,37.59,35.71,329366,37.45,35.3,273650,37.15,36.81,262093,37.27,36.39
127272,2026-04-06T13:53:41.136818,coffee,282716,36.55,37.24,341561.0,36.87,37.16,239812.0,37.51,35.86,341561,37.55,35.44,335188,37.58,35.78,329366,37.44,35.37,273650,37.14,36.86,262093,37.26,36.47
127772,2026-04-06T13:53:41.604040,coffee,282716,36.53,37.28,341561.0,36.85,37.25,239812.0,37.49,35.96,341561,37.54,35.5,335188,37.57,35.84,329366,37.43,35.45,273650,37.14,36.95,262093,37.24,36.53
128272,2026-04-06T13:53:42.171094,coffee,282716,36.52,37.36,341561.0,36.84,37.31,239812.0,37.49,36.03,341561,37.53,35.58,335188,37.56,35.93,329366,37.41,35.53,273650,37.13,37.0,262093,37.23,36.62
128772,2026-04-06T13:53:42.604031,coffee,282716,36.51,37.4,341561.0,36.83,37.39,239812.0,37.48,36.08,341561,37.52,35.65,335188,37.55,35.96,329366,37.4,35.57,273650,37.12,37.07,262093,37.22,36.66
129272,2026-04-06T13:53:43.103499,coffee,282716,36.51,37.46,341561.0,36.83,37.43,239812.0,37.47,36.15,341561,37.51,35.69,335188,37.54,36.01,329366,37.39,35.64,273650,37.11,37.11,262093,37.21,36.74
129772,2026-04-06T13:53:43.603024,coffee,282716,36.49,37.52,341561.0,36.81,37.49,239812.0,37.46,36.21,341561,37.5,35.76,335188,37.54,36.07,329366,37.38,35.69,273650,37.1,37.15,262093,37.2,36.8
130272,2026-04-06T13:53:44.103590,coffee,282716,36.49,37.54,341561.0,36.81,37.54,239812.0,37.44,36.26,341561,37.49,35.79,335188,37.53,36.11,329366,37.38,35.73,273650,37.08,37.21,262093,37.19,36.86
130772,2026-04-06T13:53:44.603700,coffee,282716,36.48,37.59,341561.0,36.81,37.59,239812.0,37.43,36.29,341561,37.48,35.84,335188,37.52,36.15,329366,37.38,35.78,273650,37.08,37.24,262093,37.18,36.91
131272,2026-04-06T13:53:45.103679,coffee,282716,36.47,37.62,341561.0,36.79,37.63,239812.0,37.42,36.35,341561,37.48,35.89,335188,37.52,36.18,329366,37.37,35.83,273650,37.07,37.29,262093,37.17,36.95
131772,2026-04-06T13:53:45.603850,coffee,282716,36.47,37.68,341561.0,36.79,37.67,239812.0,37.41,36.41,341561,37.47,35.91,335188,37.51,36.19,329366,37.36,35.87,273650,37.07,37.33,262093,37.17,37.0
132272,2026-04-06T13:53:46.103714,coffee,282716,36.46,37.72,341561.0,36.79,37.7,239812.0,37.4,36.45,341561,37.46,35.97,335188,37.51,36.25,329366,37.35,35.9,273650,37.06,37.4,262093,37.16,37.04
132772,2026-04-06T13:53:46.603365,coffee,282716,36.45,37.74,341561.0,36.78,37.77,239812.0,37.41,36.48,341561,37.45,36.03,335188,37.51,36.3,329366,37.35,35.96,273650,37.06,37.4,262093,37.16,37.08
133272,2026-04-06T13:53:47.102622,coffee,282716,36.45,37.78,341561.0,36.77,37.79,239812.0,37.4,36.54,341561,37.45,36.05,335188,37.5,36.33,329366,37.35,36.0,273650,37.05,37.44,262093,37.16,37.12
133772,2026-04-06T13:53:47.603673,coffee,282716,36.44,37.85,341561.0,36.77,37.85,239812.0,37.39,36.57,341561,37.45,36.08,335188,37.5,36.37,329366,37.34,36.04,273650,37.05,37.5,262093,37.14,37.16
134272,2026-04-06T13:53:48.103808,coffee,282716,36.43,37.87,341561.0,36.77,37.89,239812.0,37.38,36.61,341561,37.45,36.13,335188,37.5,36.37,329366,37.33,36.06,273650,37.05,37.52,262093,37.15,37.19
134772,2026-04-06T13:53:48.603682,coffee,282716,36.43,37.9,341561.0,36.76,37.91,239812.0,37.38,36.64,341561,37.44,36.17,335188,37.5,36.41,329366,37.33,36.1,273650,37.04,37.55,262093,37.14,37.23
135272,2026-04-06T13:53:49.103700,coffee,282716,36.43,37.93,341561.0,36.76,37.96,239812.0,37.37,36.68,341561,37.44,36.2,335188,37.49,36.43,329366,37.33,36.12,273650,37.03,37.6,262093,37.14,37.27
135772,2026-04-06T13:53:49.602792,coffee,282716,36.42,37.96,341561.0,36.75,38.0,239812.0,37.37,36.72,341561,37.43,36.21,335188,37.48,36.47,329366,37.33,36.16,273650,37.03,37.62,262093,37.13,37.31
136272,2026-04-06T13:53:50.102946,coffee,282716,36.42,37.99,341561.0,36.75,38.0,239812.0,37.37,36.74,341561,37.43,36.24,335188,37.48,36.51,329366,37.32,36.17,273650,37.02,37.64,262093,37.12,37.34
136772,2026-04-06T13:53:50.604836,coffee,282716,36.41,38.0,341561.0,36.74,38.01,239812.0,37.36,36.75,341561,37.43,36.27,335188,37.49,36.52,329366,37.33,36.2,273650,37.02,37.68,262093,37.12,37.36
137272,2026-04-06T13:53:51.103994,coffee,282716,36.4,38.0,341561.0,36.75,38.05,,,,341561,37.42,36.3,335188,37.48,36.54,329366,37.32,36.24,273650,37.02,37.69,262093,37.12,37.39
137772,2026-04-06T13:53:51.603336,coffee,282716,36.4,38.03,341561.0,36.74,38.05,239812.0,37.36,36.77,341561,37.41,36.3,335188,37.48,36.54,329366,37.31,36.25,273650,37.02,37.7,262093,37.11,37.41
138272,2026-04-06T13:53:52.104538,coffee,282716,36.4,38.04,341561.0,36.74,38.06,239812.0,37.36,36.72,341561,37.41,36.31,335188,37.48,36.57,329366,37.31,36.26,273650,37.02,37.76,262093,37.1,37.43
138772,2026-04-06T13:53:52.602618,coffee,282716,36.39,38.05,341561.0,36.74,38.07,239812.0,37.35,36.74,341561,37.41,36.31,335188,37.47,36.57,329366,37.31,36.28,273650,37.02,37.76,262093,37.11,37.47
139272,2026-04-06T13:53:53.104250,coffee,282716,36.39,38.05,341561.0,36.73,38.08,239812.0,37.35,36.77,341561,37.41,36.33,335188,37.47,36.59,329366,37.31,36.26,273650,37.01,37.76,262093,37.11,37.48
139772,2026-04-06T13:53:53.603683,coffee,213288,36.38,38.08,341561.0,36.73,38.08,239812.0,37.34,36.86,341561,37.41,36.35,269971,37.47,36.59,329366,37.31,36.3,209364,37.02,37.76,262093,37.1,37.49
140272,2026-04-06T13:53:54.103153,coffee,213288,36.96,38.16,256192.0,36.72,38.08,239812.0,37.34,36.83,253528,37.41,36.35,269971,38.07,36.67,273650,37.31,36.3,209364,37.56,37.83,203376,37.1,37.51
140772,2026-04-06T13:53:54.603438,coffee,213288,37.21,38.11,256192.0,37.28,38.18,239812.0,37.34,36.84,253528,37.98,36.42,269971,38.36,36.65,273650,37.88,36.4,209364,37.84,37.83,203376,37.66,37.59
141272,2026-04-06T13:53:55.103732,coffee,213288,37.33,38.03,256192.0,37.56,38.15,199338.0,37.33,36.87,253528,38.27,36.41,269971,38.49,36.56,273650,38.17,36.37,209364,37.96,37.73,203376,37.94,37.57
141772,2026-04-06T13:53:55.603099,coffee,213288,37.39,37.92,256192.0,37.69,38.07,199338.0,37.9,36.95,253528,38.39,36.32,269971,38.59,36.45,273650,38.3,36.3,209364,38.05,37.61,203376,38.06,37.49
142272,2026-04-06T13:53:56.103536,coffee,26594,37.43,37.8,256192.0,37.76,37.9,199338.0,38.18,36.91,253528,38.48,36.2,38288,38.65,36.31,273650,38.39,36.16,26315,38.09,37.48,203376,38.14,37.36
142772,2026-04-06T13:53:56.603371,coffee,26594,37.47,37.67,31550.0,37.8,37.77,199338.0,38.31,36.81,32072,38.53,36.06,38288,38.69,36.17,35398,38.45,36.06,26315,38.13,37.35,26778,38.19,37.26
143272,2026-04-06T13:53:57.103099,coffee,26594,37.48,37.56,31550.0,37.85,37.61,199338.0,38.39,36.69,32072,38.58,35.95,38288,38.73,36.05,35398,38.49,35.92,26315,38.16,37.23,26778,38.22,37.12
143772,2026-04-06T13:53:57.603420,coffee,26594,37.51,37.43,31550.0,37.88,37.47,29317.0,38.44,36.57,32072,38.61,35.83,38288,38.77,35.9,35398,38.52,35.8,26315,38.18,37.11,26778,38.26,37.01
144272,2026-04-06T13:53:58.102844,coffee,26594,37.52,37.31,31550.0,37.91,37.35,29317.0,38.47,36.42,32072,38.64,35.67,38288,38.79,35.79,35398,38.55,35.69,26315,38.21,36.99,26778,38.28,36.88
144772,2026-04-06T13:53:58.603242,coffee,29684,37.54,37.22,31550.0,37.93,37.23,29317.0,38.5,36.29,32072,38.67,35.55,43170,38.82,35.67,35398,38.57,35.57,28900,38.23,36.88,26778,38.31,36.76
145272,2026-04-06T13:53:59.102643,coffee,29684,37.55,37.11,34735.0,37.94,37.09,29317.0,38.54,36.17,35605,38.7,35.41,43170,38.83,35.54,40125,38.61,35.46,28900,38.25,36.77,29809,38.33,36.67
145772,2026-04-06T13:53:59.602465,coffee,29684,37.57,37.02,34735.0,37.98,36.97,29317.0,38.56,36.04,35605,38.72,35.32,43170,38.85,35.42,40125,38.62,35.34,28900,38.26,36.66,29809,38.35,36.57
146272,2026-04-06T13:54:00.102603,coffee,29684,37.58,36.91,34735.0,37.99,36.84,32786.0,38.59,35.94,35605,38.74,35.19,43170,38.87,35.32,40125,38.63,35.25,28900,38.28,36.55,29809,38.37,36.48
146772,2026-04-06T13:54:00.602613,coffee,29684,37.6,36.83,34735.0,38.01,36.74,32786.0,38.6,35.81,35605,38.76,35.09,43170,38.89,35.22,40125,38.65,35.15,28900,38.3,36.5,29809,38.38,36.38
147272,2026-04-06T13:54:01.103332,coffee,30447,37.62,36.77,34735.0,38.02,36.63,32786.0,38.62,35.73,35605,38.78,34.99,44661,38.9,35.14,40125,38.67,35.06,29540,38.31,36.39,29809,38.4,36.3
147772,2026-04-06T13:54:01.602105,coffee,30447,37.94,36.73,35605.0,38.04,36.54,32786.0,38.64,35.62,36332,38.8,34.89,44661,39.26,35.07,41653,38.68,34.96,29540,38.65,36.34,30338,38.42,36.23
148272,2026-04-06T13:54:02.102669,coffee,30447,38.13,36.64,35605.0,38.38,36.48,32786.0,38.65,35.55,36332,39.13,34.85,44661,39.47,34.99,41653,39.04,34.95,29540,38.87,36.25,30338,38.74,36.19
148772,2026-04-06T13:54:02.602850,coffee,30447,38.22,36.53,35605.0,38.59,36.37,33455.0,38.67,35.49,36332,39.33,34.8,44661,39.59,34.87,41653,39.26,34.86,29540,38.97,36.15,30338,38.94,36.11
149272,2026-04-06T13:54:03.101721,coffee,30447,38.28,36.42,35605.0,38.7,36.3,33455.0,39.02,35.46,36332,39.45,34.66,44661,39.65,34.73,41653,39.38,34.75,29540,39.06,36.01,30338,39.05,36.01
149772,2026-04-06T13:54:03.772347,coffee,60377,38.32,36.32,35605.0,38.77,36.17,33455.0,39.23,35.39,36332,39.52,34.54,85733,39.72,34.6,41653,39.45,34.64,64728,39.12,35.89,30338,39.12,35.87
150272,2026-04-06T13:54:04.103572,coffee,60377,38.36,36.21,74310.0,38.82,36.03,33455.0,39.35,35.28,75627,39.58,34.42,85733,39.75,34.49,79503,39.51,34.51,64728,39.16,35.74,61244,39.17,35.75
150772,2026-04-06T13:54:04.604237,coffee,60377,38.39,36.1,74310.0,38.87,35.94,33455.0,39.43,35.17,75627,39.63,34.3,85733,39.8,34.38,79503,39.57,34.39,64728,39.19,35.64,61244,39.21,35.64
151272,2026-04-06T13:54:05.103251,coffee,60377,38.42,36.0,74310.0,38.91,35.81,62775.0,39.48,35.04,75627,39.67,34.2,85733,39.83,34.28,79503,39.61,34.28,64728,39.23,35.53,61244,39.26,35.51
151772,2026-04-06T13:54:05.603132,coffee,60377,38.44,35.95,74310.0,38.94,35.73,62775.0,39.54,34.94,75627,39.71,34.1,85733,39.87,34.19,79503,39.63,34.19,64728,39.26,35.42,61244,39.28,35.42
152272,2026-04-06T13:54:06.102462,coffee,59911,38.47,35.91,74310.0,38.98,35.66,62775.0,39.58,34.86,75627,39.75,34.02,85134,39.9,34.1,79503,39.68,34.09,64144,39.28,35.33,61244,39.33,35.38
152772,2026-04-06T13:54:06.595393,coffee,59911,38.5,35.83,73542.0,39.0,35.58,62775.0,39.61,34.77,74700,39.77,33.94,85134,39.93,34.02,79503,39.7,34.01,64144,39.31,35.26,60334,39.35,35.28
153272,2026-04-06T13:54:07.103469,coffee,59911,38.52,35.78,73542.0,39.03,35.53,62775.0,39.63,34.68,74700,39.8,33.89,85134,39.95,33.98,79503,39.73,33.94,64144,39.34,35.18,60334,39.38,35.17
153772,2026-04-06T13:54:07.602558,coffee,59911,38.54,35.73,73542.0,39.05,35.49,62045.0,39.66,34.6,74700,39.83,33.82,85134,39.98,33.91,79503,39.75,33.87,64144,39.36,35.12,60334,39.44,35.08
154272,2026-04-06T13:54:08.102799,coffee,59911,38.58,35.68,73542.0,39.08,35.41,62045.0,39.69,34.54,74700,39.87,33.77,85134,40.01,33.86,79503,39.78,33.8,64144,39.38,35.08,60334,39.46,34.97
154772,2026-04-06T13:54:08.601982,coffee,59369,38.59,35.64,73542.0,39.1,35.37,62045.0,39.72,34.49,74700,39.89,33.72,83469,40.03,33.81,79503,39.8,33.77,63194,39.41,35.03,59659,39.48,34.93
155272,2026-04-06T13:54:09.097294,coffee,59369,38.62,35.6,73163.0,39.13,35.34,62045.0,39.74,34.44,74310,39.91,33.66,83469,40.06,33.79,79061,39.82,33.73,63194,39.43,34.99,59659,39.5,34.88
155772,2026-04-06T13:54:09.602510,coffee,59369,38.64,35.59,73163.0,39.14,35.32,62045.0,39.76,34.39,74310,39.94,33.64,83469,40.07,33.75,79061,39.84,33.68,63194,39.45,34.93,59659,39.52,34.85
156272,2026-04-06T13:54:10.103579,coffee,59369,38.66,35.55,73163.0,39.16,35.28,61553.0,39.78,34.35,74310,39.96,33.61,83469,40.09,33.72,79061,39.86,33.63,63194,39.48,34.92,59659,39.54,34.81
156772,2026-04-06T13:54:10.602405,coffee,59369,38.67,35.52,73163.0,39.19,35.26,61553.0,39.81,34.3,74310,39.99,33.58,83469,40.11,33.71,79061,39.88,33.62,63194,39.49,34.88,59659,39.56,34.78
157272,2026-04-06T13:54:11.097698,coffee,59410,38.7,35.51,73163.0,39.21,35.24,61553.0,39.83,34.28,74310,40.0,33.55,82740,40.13,33.67,79061,39.9,33.58,62914,39.52,34.84,59869,39.58,34.75
157772,2026-04-06T13:54:11.595794,coffee,59410,37.82,35.38,72541.0,39.24,35.19,61553.0,39.86,34.23,73415,40.03,33.49,82740,39.21,33.55,78407,39.93,33.55,62914,38.65,34.73,59869,38.72,34.62
158272,2026-04-06T13:54:12.102779,coffee,660645,37.4,35.41,72541.0,38.34,35.07,61553.0,39.88,34.19,73415,39.14,33.37,705720,38.73,33.58,78407,39.01,33.42,645649,38.19,34.77,581322,38.27,34.64
158772,2026-04-06T13:54:12.602770,coffee,660645,37.23,35.55,816424.0,37.89,35.1,61686.0,39.9,34.19,837456,38.68,33.41,705720,38.49,33.7,673020,38.52,33.47,645649,37.98,34.87,581322,38.08,34.75
159272,2026-04-06T13:54:13.103311,coffee,660645,37.15,35.71,816424.0,37.69,35.21,61686.0,39.0,34.06,837456,38.47,33.51,705720,38.37,33.87,673020,38.31,33.57,645649,37.87,35.06,581322,37.96,34.92
159772,2026-04-06T13:54:13.603446,coffee,660645,37.09,35.87,816424.0,37.58,35.38,527020.0,38.53,34.06,837456,38.35,33.66,705720,38.29,34.05,673020,38.17,33.73,645649,37.78,35.25,581322,37.88,35.11
160272,2026-04-06T13:54:14.103496,coffee,660645,37.05,36.06,816424.0,37.51,35.56,527020.0,38.32,34.19,837456,38.26,33.83,705720,38.23,34.24,673020,38.09,33.89,645649,37.73,35.44,581322,37.83,35.28
160772,2026-04-06T13:54:14.603669,coffee,660645,37.02,36.22,816424.0,37.45,35.72,527020.0,38.19,34.35,837456,38.21,33.99,705720,38.18,34.4,673020,38.02,34.07,645649,37.68,35.63,581322,37.79,35.45
161272,2026-04-06T13:54:15.102600,coffee,660645,37.0,36.37,816424.0,37.41,35.9,527020.0,38.12,34.52,837456,38.16,34.14,705720,38.14,34.59,673020,37.98,34.26,645649,37.65,35.8,581322,37.76,35.62
161772,2026-04-06T13:54:15.602973,coffee,660645,36.98,36.5,816424.0,37.37,36.08,527020.0,38.06,34.7,837456,38.13,34.3,705720,38.11,34.74,673020,37.94,34.41,645649,37.62,35.96,581322,37.72,35.78
162272,2026-04-06T13:54:16.102657,coffee,660645,36.97,36.61,816424.0,37.35,36.23,527020.0,38.01,34.86,837456,38.09,34.46,705720,38.08,34.89,673020,37.91,34.58,645649,37.61,36.11,581322,37.7,35.92
162772,2026-04-06T13:54:16.603479,coffee,660645,36.95,36.75,816424.0,37.33,36.36,527020.0,37.98,35.03,837456,38.06,34.58,705720,38.07,35.03,673020,37.89,34.72,645649,37.59,36.27,581322,37.68,36.07
163272,2026-04-06T13:54:17.102706,coffee,334203,36.94,36.86,816424.0,37.3,36.49,527020.0,37.95,35.18,837456,38.04,34.72,400547,38.04,35.16,673020,37.86,34.87,317716,37.57,36.42,304671,37.67,36.18
163772,2026-04-06T13:54:17.603697,coffee,334203,36.92,36.95,407724.0,37.28,36.63,527020.0,37.93,35.3,409436,38.01,34.85,400547,38.02,35.28,394301,37.85,34.96,317716,37.55,36.52,304671,37.65,36.33
164272,2026-04-06T13:54:18.102404,coffee,334203,36.91,37.05,407724.0,37.27,36.73,527020.0,37.91,35.45,409436,37.99,34.95,400547,38.0,35.4,394301,37.83,35.1,317716,37.54,36.64,304671,37.63,36.41
164772,2026-04-06T13:54:18.602714,coffee,334203,36.9,37.13,407724.0,37.25,36.85,290414.0,37.88,35.57,409436,37.97,35.06,400547,37.99,35.5,394301,37.82,35.22,317716,37.52,36.74,304671,37.62,36.53
165272,2026-04-06T13:54:19.102639,coffee,334203,36.88,37.21,407724.0,37.24,36.95,290414.0,37.87,35.69,409436,37.96,35.16,400547,37.98,35.6,394301,37.8,35.32,317716,37.52,36.84,304671,37.62,36.62
165772,2026-04-06T13:54:19.602211,coffee,334203,36.88,37.3,407724.0,37.24,37.07,290414.0,37.85,35.78,409436,37.94,35.24,400547,37.97,35.71,394301,37.8,35.42,317716,37.51,36.95,304671,37.6,36.71
166272,2026-04-06T13:54:20.102560,coffee,334203,36.86,37.37,407724.0,37.22,37.16,290414.0,37.83,35.88,409436,37.93,35.34,400547,37.96,35.77,394301,37.78,35.51,317716,37.49,37.02,304671,37.59,36.81
166772,2026-04-06T13:54:20.603350,coffee,334203,36.85,37.42,407724.0,37.2,37.23,290414.0,37.83,36.01,409436,37.92,35.43,400547,37.95,35.86,394301,37.78,35.58,317716,37.48,37.12,304671,37.58,36.89
167272,2026-04-06T13:54:21.102701,coffee,334203,36.85,37.51,407724.0,37.2,37.32,290414.0,37.81,36.09,409436,37.9,35.52,400547,37.94,35.93,394301,37.76,35.68,317716,37.48,37.19,304671,37.57,36.93
167772,2026-04-06T13:54:21.603250,coffee,334203,36.84,37.55,407724.0,37.2,37.37,290414.0,37.81,36.15,409436,37.9,35.58,400547,37.93,36.03,394301,37.76,35.75,317716,37.47,37.25,304671,37.56,37.03
168272,2026-04-06T13:54:22.103633,coffee,334203,36.84,37.61,407724.0,37.19,37.44,290414.0,37.79,36.23,409436,37.88,35.65,400547,37.92,36.1,394301,37.75,35.81,317716,37.47,37.32,304671,37.55,37.1
168772,2026-04-06T13:54:22.604478,coffee,334203,36.83,37.64,407724.0,37.17,37.48,290414.0,37.78,36.28,409436,37.88,35.7,400547,37.91,36.16,394301,37.74,35.87,317716,37.46,37.39,304671,37.55,37.16
169272,2026-04-06T13:54:23.102684,coffee,334203,36.81,37.7,407724.0,37.18,37.54,290414.0,37.77,36.33,409436,37.86,35.77,400547,37.91,36.21,394301,37.74,35.94,317716,37.44,37.44,304671,37.54,37.2
169772,2026-04-06T13:54:23.602628,coffee,334203,36.81,37.73,407724.0,37.16,37.58,290414.0,37.77,36.4,409436,37.86,35.81,400547,37.9,36.28,394301,37.74,35.98,317716,37.45,37.5,304671,37.53,37.24
170272,2026-04-06T13:54:24.103360,coffee,334203,36.8,37.77,407724.0,37.15,37.63,290414.0,37.76,36.42,409436,37.86,35.86,400547,37.9,36.29,394301,37.73,36.02,317716,37.44,37.55,304671,37.53,37.29
170772,2026-04-06T13:54:24.602935,coffee,334203,36.8,37.78,407724.0,37.14,37.66,290414.0,37.75,36.5,409436,37.84,35.88,400547,37.9,36.35,394301,37.72,36.08,317716,37.44,37.58,304671,37.51,37.35
171272,2026-04-06T13:54:25.103827,coffee,334203,36.8,37.83,407724.0,37.14,37.67,290414.0,37.75,36.51,409436,37.84,35.94,400547,37.89,36.4,394301,37.71,36.12,317716,37.43,37.63,304671,37.51,37.38
171772,2026-04-06T13:54:25.602549,coffee,334203,36.79,37.85,407724.0,37.14,37.73,290414.0,37.75,36.57,409436,37.84,35.96,400547,37.88,36.42,394301,37.72,36.15,317716,37.43,37.65,304671,37.51,37.42
172272,2026-04-06T13:54:26.102638,coffee,334203,36.78,37.89,407724.0,37.13,37.72,290414.0,37.74,36.58,409436,37.83,35.98,400547,37.89,36.46,394301,37.71,36.18,317716,37.41,37.7,304671,37.51,37.47
172772,2026-04-06T13:54:26.602268,coffee,334203,36.77,37.91,407724.0,37.14,37.78,290414.0,37.73,36.63,409436,37.82,36.03,400547,37.87,36.46,394301,37.71,36.2,317716,37.42,37.7,304671,37.5,37.47
173272,2026-04-06T13:54:27.102287,coffee,334203,36.77,37.96,407724.0,37.13,37.8,290414.0,37.73,36.64,409436,37.83,36.05,400547,37.88,36.5,394301,37.7,36.26,317716,37.41,37.74,304671,37.5,37.52
173772,2026-04-06T13:54:27.603100,coffee,334203,36.76,37.96,407724.0,37.12,37.82,290414.0,37.73,36.69,409436,37.82,36.08,400547,37.88,36.52,394301,37.7,36.28,317716,37.41,37.78,304671,37.49,37.55
174272,2026-04-06T13:54:28.103488,coffee,334203,36.76,37.99,407724.0,37.12,37.85,290414.0,37.73,36.7,409436,37.81,36.1,400547,37.87,36.56,394301,37.7,36.29,317716,37.4,37.81,304671,37.49,37.56
174772,2026-04-06T13:54:28.601834,coffee,334203,36.76,37.99,407724.0,37.12,37.86,290414.0,37.72,36.73,409436,37.82,36.12,400547,37.87,36.58,394301,37.7,36.33,317716,37.4,37.81,304671,37.48,37.59
175272,2026-04-06T13:54:29.101001,coffee,334203,36.75,38.0,407724.0,37.12,37.89,290414.0,37.71,36.74,409436,37.81,36.13,400547,37.86,36.59,394301,37.69,36.35,317716,37.39,37.83,304671,37.49,37.62
175772,2026-04-06T13:54:29.603234,coffee,334203,36.75,38.01,407724.0,37.11,37.89,290414.0,37.71,36.76,409436,37.81,36.14,400547,37.86,36.59,394301,37.69,36.36,317716,37.4,37.87,304671,37.48,37.65
176272,2026-04-06T13:54:30.102734,coffee,334203,36.75,38.01,407724.0,37.11,37.89,290414.0,37.71,36.78,409436,37.81,36.15,400547,37.86,36.6,394301,37.69,36.37,317716,37.4,37.88,304671,37.47,37.65
176772,2026-04-06T13:54:30.602492,coffee,334203,36.73,38.02,407724.0,37.1,37.88,290414.0,37.7,36.77,409436,37.8,36.14,400547,37.86,36.61,394301,37.68,36.39,317716,37.39,37.89,304671,37.47,37.67
177272,2026-04-06T13:54:31.101501,coffee,334203,36.74,38.03,407724.0,37.1,37.89,290414.0,37.7,36.75,409436,37.81,36.16,400547,37.86,36.6,394301,37.68,36.38,317716,37.38,37.89,304671,37.46,37.68
177772,2026-04-06T13:54:31.602668,coffee,334203,36.73,38.01,407724.0,37.1,37.9,290414.0,37.71,36.77,409436,37.8,36.15,400547,37.85,36.63,394301,37.68,36.39,317716,37.39,37.89,304671,37.47,37.69
178272,2026-04-06T13:54:32.097077,coffee,246925,36.73,38.01,407724.0,37.1,37.88,290414.0,37.7,36.76,409436,37.8,36.16,300645,37.86,36.6,394301,37.68,36.38,238305,37.39,37.9,229493,37.46,37.7
178772,2026-04-06T13:54:32.601988,coffee,246925,37.31,38.07,293157.0,37.1,37.86,290414.0,37.7,36.77,288694,37.79,36.13,300645,38.46,36.65,308526,37.68,36.39,238305,37.93,37.96,229493,38.01,37.74
179272,2026-04-06T13:54:33.102194,coffee,246925,37.57,38.0,293157.0,37.67,37.89,290414.0,37.69,36.72,288694,38.38,36.18,300645,38.77,36.59,308526,38.26,36.44,238305,38.21,37.9,229493,38.29,37.71
179772,2026-04-06T13:54:33.587299,coffee,246925,37.68,37.87,293157.0,37.94,37.83,230734.0,37.69,36.75,288694,38.67,36.11,300645,38.9,36.49,308526,38.55,36.38,238305,38.34,37.79,229493,38.42,37.6
180272,2026-04-06T13:54:34.102685,coffee,246925,37.74,37.74,293157.0,38.08,37.69,230734.0,38.27,36.77,288694,38.8,35.99,300645,38.99,36.3,308526,38.69,36.26,238305,38.42,37.63,229493,38.49,37.46
180772,2026-04-06T13:54:34.602857,coffee,27753,37.78,37.56,293157.0,38.14,37.53,230734.0,38.54,36.69,288694,38.87,35.83,39493,39.05,36.12,308526,38.76,36.11,27972,38.47,37.47,28100,38.54,37.32
181272,2026-04-06T13:54:35.100586,coffee,27753,37.81,37.42,33117.0,38.2,37.36,230734.0,38.68,36.57,33143,38.93,35.66,39493,39.09,35.97,36930,38.83,35.96,27972,38.51,37.32,28100,38.58,37.15
181772,2026-04-06T13:54:35.587181,coffee,27753,37.83,37.29,33117.0,38.23,37.2,230734.0,38.75,36.43,33143,38.97,35.52,39493,39.13,35.81,36930,38.87,35.83,27972,38.54,37.17,28100,38.62,37.03
182272,2026-04-06T13:54:36.101389,coffee,27753,37.86,37.18,33117.0,38.27,37.07,31022.0,38.81,36.29,33143,39.0,35.39,39493,39.16,35.68,36930,38.91,35.68,27972,38.57,37.03,28100,38.65,36.91
182772,2026-04-06T13:54:36.597249,coffee,27753,37.87,37.08,33117.0,38.29,36.94,31022.0,38.85,36.15,33143,39.04,35.24,39493,39.19,35.56,36930,38.93,35.55,27972,38.59,36.93,28100,38.69,36.79
183272,2026-04-06T13:54:37.087416,coffee,31045,37.89,36.99,33117.0,38.32,36.84,31022.0,38.88,36.04,33143,39.07,35.13,44896,39.21,35.43,36930,38.96,35.45,30821,38.61,36.81,31411,38.7,36.68
183772,2026-04-06T13:54:37.587335,coffee,31045,37.91,36.92,36613.0,38.34,36.75,31022.0,38.91,35.92,37026,39.1,35.02,44896,39.23,35.32,42022,38.98,35.33,30821,38.63,36.72,31411,38.72,36.6
184272,2026-04-06T13:54:38.087147,coffee,31045,37.92,36.85,36613.0,38.35,36.68,31022.0,38.95,35.81,37026,39.12,34.93,44896,39.26,35.26,42022,39.0,35.27,30821,38.65,36.62,31411,38.73,36.51
184772,2026-04-06T13:54:38.587196,coffee,31045,37.94,36.79,36613.0,38.37,36.58,35281.0,38.96,35.72,37026,39.14,34.84,44896,39.28,35.16,42022,39.02,35.16,30821,38.66,36.57,31411,38.75,36.42
185272,2026-04-06T13:54:39.087025,coffee,31045,37.95,36.72,36613.0,38.4,36.49,35281.0,38.98,35.65,37026,39.15,34.78,44896,39.29,35.1,42022,39.05,35.11,30821,38.67,36.48,31411,38.77,36.37
185772,2026-04-06T13:54:39.599872,coffee,32000,37.97,36.65,36613.0,38.4,36.41,35281.0,39.0,35.57,37026,39.17,34.7,46360,39.31,35.03,42022,39.06,35.04,31457,38.7,36.43,32193,38.79,36.32
186272,2026-04-06T13:54:40.087139,coffee,32000,38.3,36.65,37914.0,38.42,36.35,35281.0,39.02,35.5,37881,39.19,34.63,46360,39.66,34.99,43880,39.08,34.97,31457,39.04,36.41,32193,39.11,36.29
186772,2026-04-06T13:54:40.600532,coffee,32000,38.47,36.56,37914.0,38.77,36.34,35281.0,39.03,35.42,37881,39.53,34.59,46360,39.87,34.95,43880,39.43,34.93,31457,39.24,36.33,32193,39.31,36.24
187272,2026-04-06T13:54:41.101849,coffee,32000,38.58,36.46,37914.0,38.98,36.26,35995.0,39.05,35.35,37881,39.73,34.51,46360,39.98,34.83,43880,39.65,34.87,31457,39.36,36.24,32193,39.42,36.11
187772,2026-04-06T13:54:41.599248,coffee,32000,38.63,36.34,37914.0,39.08,36.13,35995.0,39.4,35.31,37881,39.84,34.4,46360,40.07,34.69,43880,39.77,34.74,31457,39.43,36.1,32193,39.49,35.98
188272,2026-04-06T13:54:42.087015,coffee,65877,38.68,36.22,37914.0,39.16,35.98,35995.0,39.61,35.22,37881,39.93,34.27,94013,40.12,34.55,43880,39.85,34.63,70445,39.49,35.98,66390,39.55,35.87
188772,2026-04-06T13:54:42.596493,coffee,65877,38.72,36.08,80859.0,39.21,35.84,35995.0,39.73,35.13,81089,39.98,34.14,94013,40.17,34.42,87942,39.9,34.49,70445,39.53,35.83,66390,39.59,35.75
189272,2026-04-06T13:54:43.098652,coffee,65877,38.75,35.95,80859.0,39.26,35.68,35995.0,39.81,34.96,81089,40.03,33.99,94013,40.2,34.28,87942,39.95,34.37,70445,39.57,35.68,66390,39.62,35.61
189772,2026-04-06T13:54:43.601244,coffee,65877,38.78,35.85,80859.0,39.31,35.55,69189.0,39.86,34.84,81089,40.07,33.85,94013,40.24,34.17,87942,39.99,34.25,70445,39.61,35.59,66390,39.67,35.51
190272,2026-04-06T13:54:44.087166,coffee,65877,38.8,35.75,80859.0,39.33,35.44,69189.0,39.91,34.71,81089,40.11,33.74,94013,40.26,34.05,87942,40.03,34.12,70445,39.64,35.45,66390,39.69,35.4
190772,2026-04-06T13:54:44.587545,coffee,65624,38.83,35.66,80859.0,39.37,35.34,69189.0,39.95,34.57,81089,40.14,33.62,91822,40.3,33.94,87942,40.06,34.0,69811,39.66,35.36,65775,39.71,35.3
191272,2026-04-06T13:54:45.086985,coffee,65624,38.86,35.6,79950.0,39.39,35.25,69189.0,39.99,34.51,80477,40.18,33.53,91822,40.32,33.84,86868,40.09,33.91,69811,39.69,35.23,65775,39.75,35.22
191772,2026-04-06T13:54:45.587497,coffee,65624,38.89,35.55,79950.0,39.43,35.19,69189.0,40.01,34.41,80477,40.21,33.48,91822,40.35,33.76,86868,40.12,33.83,69811,39.72,35.14,65775,39.78,35.12
192272,2026-04-06T13:54:46.097981,coffee,65624,38.91,35.48,79950.0,39.45,35.11,68632.0,40.05,34.36,80477,40.24,33.42,91822,40.37,33.69,86868,40.15,33.73,69811,39.74,35.07,65775,39.8,35.03
192772,2026-04-06T13:54:46.600364,coffee,65624,38.93,35.45,79950.0,39.48,35.07,68632.0,40.08,34.27,80477,40.26,33.38,91822,40.4,33.61,86868,40.17,33.65,69811,39.77,34.99,65775,39.82,34.96
193272,2026-04-06T13:54:47.087263,coffee,64679,38.95,35.41,79950.0,39.5,35.0,68632.0,40.1,34.22,80477,40.29,33.29,90941,40.43,33.54,86868,40.2,33.6,69357,39.8,34.91,65222,39.84,34.89
193772,2026-04-06T13:54:47.600681,coffee,64679,38.98,35.35,79429.0,39.52,34.93,68632.0,40.13,34.15,79950,40.31,33.25,90941,40.45,33.48,86428,40.21,33.48,69357,39.81,34.83,65222,39.87,34.8
194272,2026-04-06T13:54:48.097167,coffee,64679,39.0,35.3,79429.0,39.55,34.86,68632.0,40.15,34.07,79950,40.34,33.19,90941,40.46,33.39,86428,40.24,33.43,69357,39.83,34.75,65222,39.89,34.73
194772,2026-04-06T13:54:48.600332,coffee,64679,39.02,35.24,79429.0,39.57,34.81,68522.0,40.18,33.99,79950,40.36,33.12,90941,40.49,33.33,86428,40.25,33.35,69357,39.85,34.68,65222,39.91,34.66
195272,2026-04-06T13:54:49.087573,coffee,64679,39.05,35.22,79429.0,39.58,34.78,68522.0,40.2,33.95,79950,40.38,33.07,90941,40.52,33.26,86428,40.28,33.3,69357,39.87,34.6,65222,39.93,34.59
195772,2026-04-06T13:54:49.600201,coffee,64192,39.07,35.2,79429.0,39.61,34.76,68522.0,40.22,33.91,79950,40.4,33.03,90459,40.53,33.21,86428,40.29,33.23,69189,39.89,34.53,65222,39.96,34.51
196272,2026-04-06T13:54:50.088128,coffee,64192,38.18,35.07,79429.0,39.63,34.73,68522.0,40.25,33.88,79355,40.43,33.01,90459,39.61,33.05,85906,40.32,33.17,69189,39.03,34.38,65222,39.08,34.34
196772,2026-04-06T13:54:50.603352,coffee,776934,37.77,35.14,79429.0,38.74,34.64,68522.0,40.27,33.86,79355,39.54,32.89,836430,39.12,33.06,85906,39.39,33.04,768192,38.57,34.35,691424,38.63,34.36
197272,2026-04-06T13:54:51.101609,coffee,776934,37.59,35.29,946614.0,38.29,34.69,68139.0,40.29,33.84,966721,39.09,32.94,836430,38.9,33.15,800625,38.92,33.03,768192,38.36,34.45,691424,38.43,34.42
197772,2026-04-06T13:54:51.600622,coffee,776934,37.51,35.47,946614.0,38.09,34.86,68139.0,39.37,33.72,966721,38.87,33.07,836430,38.77,33.31,800625,38.68,33.11,768192,38.24,34.58,691424,38.32,34.53
198272,2026-04-06T13:54:52.101588,coffee,776934,37.45,35.67,946614.0,37.96,35.02,627835.0,38.92,33.76,966721,38.75,33.24,836430,38.68,33.46,800625,38.56,33.26,768192,38.16,34.74,691424,38.25,34.7
198772,2026-04-06T13:54:52.600375,coffee,776934,37.41,35.83,946614.0,37.89,35.21,627835.0,38.7,33.91,966721,38.68,33.43,836430,38.62,33.62,800625,38.47,33.41,768192,38.1,34.9,691424,38.19,34.84
199272,2026-04-06T13:54:53.100623,coffee,776934,37.39,36.01,946614.0,37.83,35.42,627835.0,38.58,34.07,966721,38.62,33.62,836430,38.58,33.78,800625,38.42,33.54,768192,38.07,35.03,691424,38.15,34.96
199772,2026-04-06T13:54:53.601558,coffee,776934,37.37,36.18,946614.0,37.79,35.61,627835.0,38.5,34.27,966721,38.57,33.8,836430,38.53,33.92,800625,38.36,33.69,768192,38.04,35.16,691424,38.13,35.09
200272,2026-04-06T13:54:54.100060,coffee,776934,37.35,36.34,946614.0,37.76,35.8,627835.0,38.44,34.47,966721,38.52,33.98,836430,38.5,34.05,800625,38.33,33.83,768192,38.0,35.3,691424,38.1,35.22
200772,2026-04-06T13:54:54.601703,coffee,776934,37.33,36.47,946614.0,37.73,35.98,627835.0,38.39,34.64,966721,38.49,34.16,836430,38.48,34.2,800625,38.31,33.95,768192,37.98,35.42,691424,38.08,35.3
201272,2026-04-06T13:54:55.095846,coffee,776934,37.32,36.6,946614.0,37.71,36.16,627835.0,38.36,34.82,966721,38.46,34.3,836430,38.45,34.32,800625,38.27,34.1,768192,37.96,35.52,691424,38.05,35.41
201772,2026-04-06T13:54:55.587325,coffee,386706,37.3,36.74,946614.0,37.69,36.3,627835.0,38.34,34.99,966721,38.45,34.46,459914,38.44,34.42,800625,38.26,34.22,380457,37.95,35.61,355432,38.04,35.49
202272,2026-04-06T13:54:56.090050,coffee,386706,37.29,36.86,458678.0,37.68,36.48,627835.0,38.3,35.17,457142,38.41,34.58,459914,38.42,34.52,451399,38.23,34.33,380457,37.93,35.68,355432,38.02,35.54
202772,2026-04-06T13:54:56.587052,coffee,386706,37.27,36.98,458678.0,37.66,36.61,627835.0,38.29,35.32,457142,38.39,34.72,459914,38.4,34.61,451399,38.22,34.42,380457,37.92,35.77,355432,38.0,35.63
203272,2026-04-06T13:54:57.090726,coffee,386706,37.26,37.1,458678.0,37.65,36.72,333550.0,38.27,35.47,457142,38.37,34.88,459914,38.38,34.7,451399,38.2,34.51,380457,37.91,35.84,355432,37.99,35.7
203772,2026-04-06T13:54:57.587400,coffee,386706,37.25,37.19,458678.0,37.63,36.84,333550.0,38.25,35.59,457142,38.35,35.0,459914,38.38,34.79,451399,38.19,34.61,380457,37.9,35.91,355432,37.97,35.77
204272,2026-04-06T13:54:58.091111,coffee,386706,37.23,37.26,458678.0,37.62,36.95,333550.0,38.24,35.72,457142,38.34,35.1,459914,38.37,34.86,451399,38.17,34.7,380457,37.89,35.97,355432,37.96,35.83
204772,2026-04-06T13:54:58.601956,coffee,386706,37.23,37.34,458678.0,37.61,37.05,333550.0,38.23,35.82,457142,38.33,35.18,459914,38.35,34.93,451399,38.16,34.79,380457,37.88,36.04,355432,37.95,35.9
205272,2026-04-06T13:54:59.091647,coffee,386706,37.22,37.43,458678.0,37.6,37.13,333550.0,38.21,35.93,457142,38.32,35.29,459914,38.35,35.01,451399,38.16,34.85,380457,37.86,36.1,355432,37.95,35.96
205772,2026-04-06T13:54:59.600294,coffee,386706,37.21,37.5,458678.0,37.59,37.24,333550.0,38.19,36.01,457142,38.31,35.39,459914,38.34,35.08,451399,38.14,34.93,380457,37.86,36.16,355432,37.94,36.05
206272,2026-04-06T13:55:00.101458,coffee,386706,37.2,37.58,458678.0,37.58,37.33,333550.0,38.19,36.1,457142,38.3,35.47,459914,38.34,35.16,451399,38.14,35.01,380457,37.85,36.23,355432,37.92,36.1
206772,2026-04-06T13:55:00.598158,coffee,386706,37.19,37.65,458678.0,37.57,37.39,333550.0,38.17,36.19,457142,38.29,35.56,459914,38.32,35.25,451399,38.13,35.09,380457,37.85,36.29,355432,37.92,36.17
207272,2026-04-06T13:55:01.100232,coffee,386706,37.19,37.7,458678.0,37.56,37.46,333550.0,38.17,36.27,457142,38.28,35.64,459914,38.32,35.31,451399,38.13,35.17,380457,37.84,36.36,355432,37.91,36.24
207772,2026-04-06T13:55:01.586943,coffee,386706,37.18,37.74,458678.0,37.56,37.51,333550.0,38.16,36.35,457142,38.27,35.71,459914,38.31,35.4,451399,38.12,35.25,380457,37.83,36.45,355432,37.9,36.32
208272,2026-04-06T13:55:02.096309,coffee,386706,37.17,37.76,458678.0,37.56,37.54,333550.0,38.16,36.4,457142,38.27,35.78,459914,38.3,35.47,451399,38.12,35.3,380457,37.82,36.51,355432,37.9,36.38
208772,2026-04-06T13:55:02.586958,coffee,386706,37.17,37.8,458678.0,37.55,37.59,333550.0,38.15,36.45,457142,38.26,35.81,459914,38.31,35.53,451399,38.11,35.37,380457,37.82,36.59,355432,37.9,36.44
209272,2026-04-06T13:55:03.093605,coffee,386706,37.16,37.84,458678.0,37.55,37.58,333550.0,38.15,36.48,457142,38.25,35.86,459914,38.31,35.58,451399,38.11,35.41,380457,37.82,36.61,355432,37.89,36.51
209772,2026-04-06T13:55:03.587067,coffee,386706,37.16,37.87,458678.0,37.54,37.59,333550.0,38.13,36.49,457142,38.24,35.87,459914,38.29,35.63,451399,38.11,35.46,380457,37.81,36.68,355432,37.89,36.57
210272,2026-04-06T13:55:04.101474,coffee,386706,37.15,37.84,458678.0,37.53,37.59,333550.0,38.13,36.53,457142,38.24,35.89,459914,38.29,35.65,451399,38.1,35.49,380457,37.8,36.72,355432,37.87,36.63
210772,2026-04-06T13:55:04.587008,coffee,386706,37.15,37.84,458678.0,37.52,37.57,333550.0,38.12,36.53,457142,38.23,35.92,459914,38.29,35.68,451399,38.1,35.53,380457,37.8,36.78,355432,37.87,36.64
211272,2026-04-06T13:55:05.094305,coffee,386706,37.15,37.83,458678.0,37.52,37.55,333550.0,38.12,36.51,457142,38.23,35.88,459914,38.28,35.68,451399,38.1,35.56,380457,37.79,36.8,355432,37.86,36.67
211772,2026-04-06T13:55:05.600343,coffee,386706,37.14,37.82,458678.0,37.51,37.51,333550.0,38.12,36.5,457142,38.22,35.88,459914,38.28,35.72,451399,38.09,35.56,380457,37.79,36.82,355432,37.86,36.69
212272,2026-04-06T13:55:06.101304,coffee,386706,37.13,37.81,458678.0,37.51,37.49,333550.0,38.11,36.49,457142,38.22,35.86,459914,38.28,35.72,451399,38.09,35.57,380457,37.79,36.86,355432,37.86,36.72
212772,2026-04-06T13:55:06.599010,coffee,386706,37.13,37.8,458678.0,37.51,37.5,333550.0,38.11,36.49,457142,38.21,35.84,459914,38.28,35.71,451399,38.08,35.57,380457,37.79,36.87,355432,37.85,36.75
213272,2026-04-06T13:55:07.101219,coffee,386706,37.13,37.79,458678.0,37.51,37.49,333550.0,38.1,36.5,457142,38.22,35.83,459914,38.26,35.71,451399,38.09,35.57,380457,37.79,36.88,355432,37.85,36.76
213772,2026-04-06T13:55:07.600753,coffee,386706,37.13,37.8,458678.0,37.51,37.47,333550.0,38.09,36.5,457142,38.2,35.82,459914,38.27,35.72,451399,38.08,35.59,380457,37.79,36.91,355432,37.85,36.79
214272,2026-04-06T13:55:08.095824,coffee,386706,37.12,37.81,458678.0,37.5,37.46,333550.0,38.09,36.49,457142,38.21,35.8,459914,38.27,35.73,451399,38.08,35.58,380457,37.77,36.91,355432,37.85,36.79
214772,2026-04-06T13:55:08.586908,coffee,386706,37.12,37.78,458678.0,37.5,37.47,333550.0,38.09,36.46,457142,38.21,35.79,459914,38.27,35.72,451399,38.08,35.61,380457,37.77,36.92,355432,37.85,36.81
215272,2026-04-06T13:55:09.095972,coffee,386706,37.11,37.78,458678.0,37.49,37.44,333550.0,38.08,36.46,457142,38.21,35.76,459914,38.26,35.72,451399,38.07,35.61,380457,37.77,36.92,355432,37.84,36.84
215772,2026-04-06T13:55:09.597614,coffee,386706,37.11,37.76,458678.0,37.49,37.41,333550.0,38.08,36.44,457142,38.2,35.73,459914,38.26,35.7,451399,38.08,35.59,380457,37.77,36.95,355432,37.84,36.83
216272,2026-04-06T13:55:10.096079,coffee,386706,37.1,37.76,458678.0,37.48,37.38,333550.0,38.08,36.43,457142,38.2,35.71,459914,38.25,35.69,451399,38.07,35.59,380457,37.77,36.95,355432,37.83,36.86
216772,2026-04-06T13:55:10.599733,coffee,267223,37.1,37.75,458678.0,37.48,37.37,333550.0,38.08,36.41,457142,38.2,35.7,337842,38.26,35.68,451399,38.07,35.59,269971,37.77,36.95,257934,37.83,36.84
217272,2026-04-06T13:55:11.100387,coffee,267223,37.67,37.79,317126.0,37.48,37.36,333550.0,38.08,36.4,311340,38.19,35.66,337842,38.86,35.73,345362,38.07,35.58,269971,38.31,37.01,257934,38.39,36.92
217772,2026-04-06T13:55:11.601126,coffee,267223,37.94,37.74,317126.0,38.05,37.4,333550.0,38.07,36.39,311340,38.77,35.71,337842,39.16,35.66,345362,38.64,35.62,269971,38.59,36.98,257934,38.67,36.89
218272,2026-04-06T13:55:12.096547,coffee,267223,38.05,37.63,317126.0,38.32,37.37,256000.0,38.07,36.4,311340,39.06,35.64,337842,39.31,35.56,345362,38.95,35.59,269971,38.72,36.87,257934,38.8,36.81
218772,2026-04-06T13:55:12.598893,coffee,267223,38.11,37.49,317126.0,38.45,37.27,256000.0,38.64,36.47,311340,39.18,35.54,337842,39.4,35.44,345362,39.09,35.49,269971,38.8,36.76,257934,38.88,36.69
219272,2026-04-06T13:55:13.096665,coffee,28802,38.15,37.37,317126.0,38.52,37.14,256000.0,38.93,36.4,311340,39.27,35.4,40777,39.46,35.3,345362,39.16,35.39,29297,38.85,36.62,29237,38.93,36.58
219772,2026-04-06T13:55:13.586974,coffee,28802,38.18,37.25,35049.0,38.58,37.02,256000.0,39.06,36.34,34538,39.33,35.27,40777,39.5,35.18,38392,39.22,35.26,29297,38.89,36.5,29237,38.96,36.47
220272,2026-04-06T13:55:14.097097,coffee,28802,38.2,37.13,35049.0,38.62,36.92,256000.0,39.14,36.21,34538,39.37,35.15,40777,39.53,35.05,38392,39.27,35.16,29297,38.91,36.39,29237,39.0,36.38
220772,2026-04-06T13:55:14.587072,coffee,28802,38.23,37.05,35049.0,38.66,36.81,32661.0,39.19,36.09,34538,39.41,35.04,40777,39.57,34.97,38392,39.3,35.04,29297,38.95,36.3,29237,39.03,36.28
221272,2026-04-06T13:55:15.097544,coffee,28802,38.24,36.97,35049.0,38.68,36.74,32661.0,39.24,35.99,34538,39.43,34.93,40777,39.59,34.88,38392,39.33,34.96,29297,38.97,36.21,29237,39.05,36.21
221772,2026-04-06T13:55:15.598889,coffee,32339,38.26,36.9,35049.0,38.7,36.66,32661.0,39.27,35.88,34538,39.46,34.87,46259,39.61,34.79,38392,39.35,34.91,32636,38.99,36.15,33040,39.07,36.13
222272,2026-04-06T13:55:16.097662,coffee,32339,38.27,36.85,38600.0,38.72,36.59,32661.0,39.3,35.81,38705,39.49,34.8,46259,39.64,34.73,43170,39.38,34.83,32636,39.02,36.09,33040,39.09,36.07
222772,2026-04-06T13:55:16.598692,coffee,32339,38.29,36.79,38600.0,38.74,36.52,32661.0,39.33,35.72,38705,39.51,34.73,46259,39.65,34.69,43170,39.4,34.78,32636,39.03,36.04,33040,39.11,36.03
223272,2026-04-06T13:55:17.098077,coffee,32339,38.31,36.74,38600.0,38.76,36.47,37252.0,39.34,35.65,38705,39.53,34.67,46259,39.68,34.64,43170,39.42,34.74,32636,39.05,36.01,33040,39.13,35.99
223772,2026-04-06T13:55:17.586816,coffee,32339,38.32,36.7,,,,37252.0,39.37,35.59,38705,39.55,34.63,46259,39.7,34.58,43170,39.43,34.68,32636,39.06,35.95,33040,39.15,35.94
224272,2026-04-06T13:55:18.098417,coffee,33376,38.33,36.63,38600.0,38.78,36.4,37252.0,39.38,35.5,38705,39.57,34.56,48780,39.71,34.56,43170,39.46,34.65,33402,39.08,35.94,33826,39.16,35.92
224772,2026-04-06T13:55:18.588223,coffee,33376,38.66,36.62,38600.0,38.79,36.34,37252.0,39.41,35.42,39567,39.59,34.49,48780,40.06,34.57,44991,39.47,34.59,33402,39.41,35.93,33826,39.5,35.9
225272,2026-04-06T13:55:19.098845,coffee,33376,38.85,36.55,39825.0,38.81,36.28,37252.0,39.42,35.33,39567,39.92,34.49,48780,40.27,34.5,44991,39.82,34.56,33402,39.63,35.9,33826,39.69,35.85
225772,2026-04-06T13:55:19.598860,coffee,33376,38.94,36.41,39825.0,39.14,36.29,38083.0,39.44,35.28,39567,40.13,34.39,48780,40.38,34.41,44991,40.05,34.52,33402,39.74,35.79,33826,39.8,35.75
226272,2026-04-06T13:55:20.099013,coffee,33376,39.0,36.29,39825.0,39.36,36.27,38083.0,39.78,35.23,39567,40.24,34.29,48780,40.46,34.3,44991,40.16,34.42,33402,39.82,35.68,33826,39.87,35.63
226772,2026-04-06T13:55:20.586863,coffee,71032,39.05,36.15,39825.0,39.46,36.01,38083.0,40.0,35.15,39567,40.31,34.17,101265,40.51,34.19,44991,40.25,34.29,76509,39.87,35.53,71748,39.92,35.53
227272,2026-04-06T13:55:21.099064,coffee,71032,39.08,36.04,39825.0,39.54,35.84,38083.0,40.13,35.02,87134,40.38,34.03,101265,40.57,34.05,96458,40.31,34.17,76509,39.92,35.42,71748,39.97,35.41
227772,2026-04-06T13:55:21.598387,coffee,71032,39.11,35.93,87223.0,39.6,35.64,38083.0,40.2,34.89,87134,40.42,33.89,101265,40.6,33.93,96458,40.36,34.05,76509,39.96,35.3,71748,40.0,35.27
228272,2026-04-06T13:55:22.099255,coffee,71032,39.14,35.83,87223.0,39.64,35.66,76304.0,40.26,34.75,87134,40.45,33.77,101265,40.64,33.82,96458,40.4,33.91,76509,39.99,35.19,71748,40.04,35.18
228772,2026-04-06T13:55:22.594729,coffee,71032,39.17,35.72,87223.0,39.68,35.38,76304.0,40.31,34.65,87134,40.49,33.66,101265,40.68,33.69,96458,40.44,33.81,76509,40.02,35.07,71748,40.08,35.05
229272,2026-04-06T13:55:23.099563,coffee,70445,39.2,35.64,87223.0,39.71,35.28,76304.0,40.35,34.52,87134,40.54,33.53,100727,40.71,33.6,96458,40.46,33.7,75964,40.04,34.98,71329,40.1,34.98
229772,2026-04-06T13:55:23.603241,coffee,70445,39.22,35.55,87223.0,39.74,35.26,76304.0,40.37,34.43,86079,40.57,33.47,100727,40.74,33.54,95808,40.49,33.6,75964,40.07,34.89,71329,40.13,34.9
230272,2026-04-06T13:55:24.099586,coffee,70445,39.24,35.46,86868.0,39.77,35.14,76304.0,40.41,34.31,86079,40.6,33.35,100727,40.76,33.34,95808,40.52,33.51,75964,40.1,34.8,71329,40.16,34.83
230772,2026-04-06T13:55:24.602823,coffee,70445,39.26,35.41,86868.0,39.8,35.05,75294.0,40.45,34.21,86079,40.63,33.27,100727,40.79,33.28,95808,40.55,33.44,75964,40.13,34.73,71329,40.17,34.76
231272,2026-04-06T13:55:25.099702,coffee,70445,39.29,35.33,86868.0,39.83,34.96,75294.0,40.47,34.12,86079,40.65,33.32,99610,40.84,33.21,95808,40.57,33.36,75964,40.14,34.66,71329,40.2,34.68
231772,2026-04-06T13:55:25.603045,coffee,69697,39.32,35.28,86868.0,39.85,34.9,75294.0,40.49,34.05,86079,40.68,33.25,99610,40.86,33.14,95808,40.59,33.32,75227,40.17,34.6,70855,40.22,34.6
232272,2026-04-06T13:55:26.087390,coffee,69697,39.34,35.21,86868.0,39.88,34.82,75294.0,40.52,33.94,85134,40.71,32.99,99610,40.88,33.11,94902,40.61,33.24,75227,40.19,34.53,70855,40.25,34.55
232772,2026-04-06T13:55:26.599348,coffee,69697,39.36,35.17,87045.0,39.91,34.74,75294.0,40.55,33.88,85134,40.73,33.0,99610,40.9,33.02,94902,40.63,33.17,75227,40.21,34.46,70855,40.27,34.49
233272,2026-04-06T13:55:27.098974,coffee,69697,39.39,35.09,87045.0,39.92,34.66,74897.0,40.56,33.8,85134,40.77,32.84,99610,40.91,32.99,94902,40.65,33.12,75227,40.22,34.41,70855,40.29,34.44
233772,2026-04-06T13:55:27.598617,coffee,69697,39.41,35.04,87045.0,39.94,34.59,74897.0,40.59,33.74,85134,40.79,32.77,98632,40.94,32.94,94902,40.67,33.04,75227,40.25,34.36,70855,40.31,34.38
234272,2026-04-06T13:55:28.094683,coffee,69357,39.43,34.98,87045.0,39.96,34.54,74897.0,40.61,33.67,84796,40.82,32.71,98632,40.01,32.78,94902,40.69,32.99,74700,40.27,34.31,69754,40.33,34.34
234772,2026-04-06T13:55:28.598494,coffee,69357,38.54,34.84,87045.0,39.99,34.47,74897.0,40.63,33.62,84796,39.92,32.57,946614,39.53,32.79,94692,40.71,32.94,74700,39.4,34.17,69754,39.46,34.2
235272,2026-04-06T13:55:29.090446,coffee,881808,38.12,34.86,86253.0,40.01,34.42,74897.0,40.66,33.54,1088493,39.47,32.56,946614,39.29,32.89,94692,39.78,32.77,870563,38.94,34.15,776051,39.01,34.21
235772,2026-04-06T13:55:29.598064,coffee,881808,37.96,34.96,86253.0,39.1,34.26,74831.0,40.67,33.48,1088493,39.26,32.63,946614,39.16,33.02,918591,39.3,32.78,870563,38.74,34.27,776051,38.81,34.32
236272,2026-04-06T13:55:30.093896,coffee,881808,37.87,35.11,1085896.0,38.65,34.26,74831.0,39.77,33.32,1088493,39.13,32.75,946614,39.07,33.16,918591,39.08,32.89,870563,38.61,34.41,776051,38.7,34.43
236772,2026-04-06T13:55:30.597721,coffee,881808,37.81,35.24,1085896.0,38.44,34.33,728307.0,39.3,33.3,1088493,39.05,32.86,946614,39.02,33.32,918591,38.95,33.03,870563,38.53,34.58,776051,38.61,34.61
237272,2026-04-06T13:55:31.099833,coffee,881808,37.78,35.4,1085896.0,38.33,34.45,728307.0,39.08,33.42,1088493,38.99,32.99,946614,38.97,33.46,918591,38.85,33.17,870563,38.49,34.75,776051,38.56,34.77
237772,2026-04-06T13:55:31.599537,coffee,881808,37.75,35.49,1085896.0,38.25,34.6,728307.0,38.96,33.53,1088493,38.94,33.11,946614,38.93,33.59,918591,38.79,33.32,870563,38.44,34.91,776051,38.52,34.92
238272,2026-04-06T13:55:32.098706,coffee,881808,37.73,35.62,1085896.0,38.2,34.73,728307.0,38.88,33.69,1088493,38.9,33.21,946614,38.9,33.7,918591,38.75,33.45,870563,38.41,35.06,776051,38.48,35.06
238772,2026-04-06T13:55:32.587032,coffee,881808,37.71,35.71,1085896.0,38.17,34.87,728307.0,38.82,33.83,1088493,38.87,33.32,946614,38.87,33.82,918591,38.71,33.58,870563,38.38,35.12,776051,38.45,35.2
239272,2026-04-06T13:55:33.087232,coffee,881808,37.7,35.84,1085896.0,38.13,34.97,728307.0,38.77,33.97,1088493,38.84,33.42,946614,38.85,33.9,918591,38.68,33.71,870563,38.36,35.42,776051,38.43,35.32
239772,2026-04-06T13:55:33.595400,coffee,881808,37.68,35.93,1085896.0,38.09,35.1,728307.0,38.73,34.1,1088493,38.82,33.49,502946,38.83,33.99,918591,38.65,33.84,417703,38.32,35.52,776051,38.41,35.44
240272,2026-04-06T13:55:34.086755,coffee,427914,37.66,35.97,1085896.0,38.08,35.2,728307.0,38.7,34.22,510087,38.8,33.6,502946,38.82,34.09,918591,38.64,33.95,417703,38.3,35.63,395214,38.39,35.53
240772,2026-04-06T13:55:34.597905,coffee,427914,37.65,36.05,1085896.0,38.06,35.3,728307.0,38.68,34.33,510087,38.77,33.66,502946,38.79,34.17,502206,38.62,34.05,417703,38.28,35.71,395214,38.38,35.64
241272,2026-04-06T13:55:35.095771,coffee,427914,37.64,36.14,516259.0,38.04,35.38,728307.0,38.65,34.45,510087,38.76,33.74,502946,38.79,34.22,502206,38.6,34.13,417703,38.28,35.79,395214,38.36,35.71
241772,2026-04-06T13:55:35.586863,coffee,427914,37.64,36.19,516259.0,38.03,35.45,389131.0,38.64,34.53,510087,38.74,33.8,502946,38.77,34.29,502206,38.58,34.2,417703,38.26,35.84,395214,38.35,35.8
242272,2026-04-06T13:55:36.097995,coffee,427914,37.63,36.24,516259.0,38.02,35.52,389131.0,38.62,34.61,510087,38.73,33.85,502946,38.76,34.35,502206,38.57,34.27,417703,38.25,35.9,395214,38.34,35.86
242772,2026-04-06T13:55:36.602245,coffee,427914,37.61,36.29,516259.0,38.0,35.59,389131.0,38.6,34.71,510087,38.71,33.9,502946,38.75,34.41,502206,38.55,34.36,417703,38.24,35.97,395214,38.33,35.93
243272,2026-04-06T13:55:37.099257,coffee,427914,37.59,36.32,516259.0,37.99,35.66,389131.0,38.59,34.77,510087,38.7,33.95,502946,38.74,34.44,502206,38.55,34.39,417703,38.23,36.05,395214,38.31,35.96
243772,2026-04-06T13:55:37.599657,coffee,427914,37.59,36.38,516259.0,37.97,35.72,389131.0,38.58,34.85,510087,38.69,34.03,502946,38.74,34.52,502206,38.53,34.47,417703,38.22,36.1,395214,38.31,36.04
244272,2026-04-06T13:55:38.098391,coffee,427914,37.58,36.44,516259.0,37.97,35.8,389131.0,38.57,34.94,510087,38.67,34.08,502946,38.72,34.55,502206,38.53,34.52,417703,38.21,36.14,395214,38.29,36.11
244772,2026-04-06T13:55:38.599378,coffee,427914,37.58,36.46,516259.0,37.96,35.86,389131.0,38.56,34.99,510087,38.67,34.14,502946,38.72,34.62,502206,38.52,34.58,417703,38.21,36.19,395214,38.28,36.17
245272,2026-04-06T13:55:39.102268,coffee,427914,37.56,36.53,516259.0,37.95,35.93,,,,510087,38.65,34.19,502946,38.7,34.67,502206,38.52,34.64,417703,38.19,36.25,395214,38.27,36.21
245772,2026-04-06T13:55:39.586810,coffee,427914,37.56,36.56,516259.0,37.93,35.97,389131.0,38.54,35.07,510087,38.65,34.26,502946,38.69,34.71,502206,38.51,34.7,417703,38.19,36.3,395214,38.27,36.27
246272,2026-04-06T13:55:40.086762,coffee,427914,37.55,36.61,516259.0,37.93,36.04,389131.0,38.54,35.11,510087,38.64,34.28,502946,38.69,34.77,502206,38.5,34.74,417703,38.18,36.33,395214,38.27,36.31
246772,2026-04-06T13:55:40.586779,coffee,427914,37.53,36.65,516259.0,37.92,36.07,389131.0,38.53,35.24,510087,38.63,34.34,502946,38.68,34.8,502206,38.5,34.8,417703,38.18,36.39,395214,38.25,36.35
247272,2026-04-06T13:55:41.086945,coffee,427914,37.53,36.66,516259.0,37.91,36.14,389131.0,38.52,35.08,510087,38.63,34.37,502946,38.68,34.84,502206,38.5,34.84,417703,38.17,36.42,395214,38.24,36.4
247772,2026-04-06T13:55:41.599238,coffee,427914,37.53,36.7,516259.0,37.9,36.17,389131.0,38.51,35.27,510087,38.62,34.41,502946,38.68,34.88,502206,38.49,34.88,417703,38.17,36.45,395214,38.24,36.46
248272,2026-04-06T13:55:42.086449,coffee,427914,37.52,36.74,516259.0,37.9,36.2,389131.0,38.51,35.29,510087,38.61,34.44,502946,38.67,34.92,502206,38.48,34.92,417703,38.16,36.48,395214,38.23,36.49
248772,2026-04-06T13:55:42.597893,coffee,427914,37.52,36.76,516259.0,37.9,36.25,389131.0,38.5,35.36,510087,38.61,34.46,502946,38.67,34.93,502206,38.48,34.95,417703,38.16,36.54,395214,38.23,36.51
249272,2026-04-06T13:55:43.096828,coffee,427914,37.5,36.79,516259.0,37.89,36.28,389131.0,38.5,35.38,510087,38.61,34.49,502946,38.67,34.94,502206,38.47,34.99,417703,38.15,36.56,395214,38.23,36.56
249772,2026-04-06T13:55:43.598879,coffee,427914,37.5,36.81,516259.0,37.88,36.29,389131.0,38.49,35.42,510087,38.6,34.5,502946,38.66,34.98,502206,38.47,35.01,417703,38.15,36.57,395214,38.23,36.58
250272,2026-04-06T13:55:44.098193,coffee,427914,37.5,36.85,516259.0,37.88,36.33,389131.0,38.49,35.44,510087,38.59,34.53,502946,38.66,35.0,502206,38.47,35.03,417703,38.14,36.61,395214,38.21,36.6
250772,2026-04-06T13:55:44.597781,coffee,427914,37.5,36.85,516259.0,37.88,36.35,389131.0,38.48,35.46,510087,38.59,34.54,502946,38.65,35.03,502206,38.46,35.06,417703,38.14,36.62,395214,38.21,36.63
251272,2026-04-06T13:55:45.097602,coffee,427914,37.49,36.85,516259.0,37.87,36.34,389131.0,38.48,35.5,510087,38.6,34.54,502946,38.65,35.05,502206,38.46,35.07,417703,38.14,36.65,395214,38.2,36.66
251772,2026-04-06T13:55:45.598742,coffee,427914,37.49,36.87,516259.0,37.87,36.37,389131.0,38.47,35.49,510087,38.59,34.54,502946,38.65,35.05,502206,38.46,35.11,417703,38.14,36.65,395214,38.21,36.68
252272,2026-04-06T13:55:46.094252,coffee,427914,37.49,36.88,516259.0,37.86,36.35,389131.0,38.47,35.5,510087,38.58,34.55,502946,38.64,35.06,502206,38.45,35.12,417703,38.13,36.68,395214,38.2,36.7
252772,2026-04-06T13:55:46.596137,coffee,427914,37.48,36.86,516259.0,37.86,36.35,389131.0,38.46,35.5,510087,38.58,34.54,502946,38.64,35.07,502206,38.45,35.12,417703,38.13,36.71,395214,38.19,36.72
253272,2026-04-06T13:55:47.098613,coffee,427914,37.47,36.88,516259.0,37.86,36.34,389131.0,38.46,35.52,510087,38.57,34.54,502946,38.64,35.08,502206,38.45,35.12,417703,38.12,36.71,395214,38.19,36.75
253772,2026-04-06T13:55:47.598763,coffee,427914,37.46,36.9,516259.0,37.86,36.33,389131.0,38.46,35.52,510087,38.58,34.53,502946,38.64,35.08,502206,38.45,35.13,417703,38.12,36.72,395214,38.19,36.74
254272,2026-04-06T13:55:48.095239,coffee,427914,37.47,36.89,516259.0,37.86,36.35,389131.0,38.46,35.51,510087,38.57,34.56,502946,38.64,35.07,502206,38.45,35.14,417703,38.13,36.73,395214,38.19,36.74
254772,2026-04-06T13:55:48.598527,coffee,427914,37.46,36.88,516259.0,37.85,36.34,389131.0,38.46,35.53,510087,38.57,34.55,366106,38.64,35.09,502206,38.45,35.15,291405,38.12,36.73,395214,38.19,36.76
255272,2026-04-06T13:55:49.087034,coffee,291654,37.46,36.9,516259.0,37.85,36.35,389131.0,38.45,35.53,343970,38.57,34.56,366106,39.25,35.15,502206,38.45,35.15,291405,38.67,36.81,277657,38.18,36.77
255772,2026-04-06T13:55:49.587209,coffee,291654,38.03,36.96,516259.0,37.85,36.37,389131.0,38.45,35.54,343970,39.15,34.64,366106,39.54,35.13,380245,38.44,35.17,291405,38.95,36.78,277657,38.75,36.87
256272,2026-04-06T13:55:50.086915,coffee,291654,38.3,36.92,348180.0,37.84,36.38,389131.0,38.45,35.57,343970,39.44,34.62,366106,39.68,35.05,380245,39.02,35.25,291405,39.09,36.68,277657,39.03,36.83
256772,2026-04-06T13:55:50.598218,coffee,291654,38.41,36.84,348180.0,38.41,36.46,389131.0,38.45,35.56,343970,39.56,34.53,366106,39.76,34.92,380245,39.31,35.21,291405,39.16,36.57,277657,39.15,36.73
257272,2026-04-06T13:55:51.098021,coffee,291654,38.47,36.7,348180.0,38.69,36.43,280624.0,38.44,35.6,343970,39.65,34.44,41330,39.83,34.81,380245,39.46,35.13,30600,39.21,36.43,277657,39.22,36.63
257772,2026-04-06T13:55:51.597764,coffee,29746,38.51,36.6,348180.0,38.82,36.35,280624.0,39.02,35.67,35310,39.69,34.33,41330,39.87,34.7,380245,39.54,35.02,30600,39.25,36.31,30252,39.28,36.49
258272,2026-04-06T13:55:52.098237,coffee,29746,38.53,36.5,348180.0,38.89,36.24,280624.0,39.3,35.65,35310,39.75,34.19,41330,39.91,34.58,39275,39.6,34.9,30600,39.28,36.21,30252,39.32,36.37
258772,2026-04-06T13:55:52.641088,coffee,29746,38.56,36.39,36301.0,38.94,36.09,280624.0,39.43,35.54,35310,39.77,34.1,41330,39.94,34.47,39275,39.64,34.78,30600,39.3,36.08,30252,39.36,36.26
259272,2026-04-06T13:55:53.094702,coffee,29746,38.58,36.28,36301.0,38.98,35.99,280624.0,39.52,35.45,35310,39.81,34.0,41330,39.97,34.36,39275,39.68,34.66,30600,39.34,36.0,30252,39.38,36.15
259772,2026-04-06T13:55:53.596583,coffee,29746,38.6,36.18,36301.0,39.01,35.87,33719.0,39.57,35.31,35310,39.83,33.9,48147,39.99,34.26,39275,39.71,34.57,34316,39.36,35.89,30252,39.4,36.05
260272,2026-04-06T13:55:54.098120,coffee,33376,38.62,36.1,36301.0,39.04,35.73,33719.0,39.61,35.18,39825,39.85,33.8,48147,40.02,34.18,39275,39.73,34.46,34316,39.37,35.81,34707,39.43,35.96
260772,2026-04-06T13:55:54.587405,coffee,33376,38.63,36.01,36301.0,39.06,35.62,33719.0,39.64,35.06,39825,39.88,33.68,48147,40.04,34.09,44153,39.75,34.36,34316,39.38,35.7,34707,39.45,35.87
261272,2026-04-06T13:55:55.085719,coffee,33376,38.65,35.92,40314.0,39.07,35.48,33719.0,39.68,34.92,39825,39.9,33.59,48147,40.06,33.99,44153,39.77,34.27,34316,39.4,35.63,34707,39.47,35.77
261772,2026-04-06T13:55:55.594462,coffee,33376,38.66,35.82,40314.0,39.09,35.35,33719.0,39.7,34.79,39825,39.92,33.47,48147,40.08,33.9,44153,39.79,34.17,34316,39.41,35.54,34707,39.48,35.69
262272,2026-04-06T13:55:56.097074,coffee,33376,38.67,35.74,40314.0,39.12,35.26,38740.0,39.72,34.68,39825,39.94,33.37,50068,40.09,33.8,44153,39.81,34.07,35193,39.43,35.46,34707,39.5,35.61
262772,2026-04-06T13:55:56.592995,coffee,34510,38.69,35.64,40314.0,39.14,35.12,38740.0,39.74,34.57,40933,39.96,33.31,50068,40.43,33.76,44153,39.82,34.01,35193,39.77,35.41,35398,39.52,35.53
263272,2026-04-06T13:55:57.096860,coffee,34510,39.02,35.6,40314.0,39.15,35.0,38740.0,39.76,34.48,40933,40.29,33.24,50068,40.65,33.65,46059,39.84,33.9,35193,39.98,35.31,35398,39.84,35.48
263772,2026-04-06T13:55:57.586047,coffee,34510,39.2,35.51,41653.0,39.16,34.91,38740.0,39.78,34.38,40933,40.5,33.17,50068,40.77,33.54,46059,40.21,33.86,35193,40.1,35.2,35398,40.04,35.4
264272,2026-04-06T13:55:58.098519,coffee,34510,39.29,35.42,41653.0,39.51,34.87,38740.0,39.79,34.31,40933,40.62,33.06,50068,40.85,33.4,46059,40.43,33.78,35193,40.17,35.05,35398,40.16,35.27
264772,2026-04-06T13:55:58.599787,coffee,34510,39.36,35.29,41653.0,39.71,34.82,39900.0,39.8,34.25,40933,40.69,32.94,108130,40.9,33.26,46059,40.54,33.67,81946,40.23,34.91,35398,40.23,35.13
265272,2026-04-06T13:55:59.094234,coffee,75694,39.4,35.2,41653.0,39.83,34.69,39900.0,40.17,34.25,94117,40.74,32.84,108130,40.95,33.16,46059,40.62,33.54,81946,40.28,34.81,77481,40.28,35.02
265772,2026-04-06T13:55:59.598664,coffee,75694,39.43,35.1,41653.0,39.91,34.62,39900.0,40.38,34.19,94117,40.79,32.74,108130,40.98,33.03,104553,40.68,33.44,81946,40.32,34.69,77481,40.32,34.91
266272,2026-04-06T13:56:00.096829,coffee,75694,39.47,35.02,95486.0,39.96,34.52,39900.0,40.48,34.11,94117,40.83,32.68,108130,41.02,32.95,104553,40.73,33.35,81946,40.35,34.57,77481,40.36,34.81
266772,2026-04-06T13:56:00.597763,coffee,75694,39.5,34.95,95486.0,40.01,34.44,39900.0,40.58,34.01,94117,40.86,32.58,108130,41.06,32.88,104553,40.77,33.24,81946,40.37,34.49,77481,40.4,34.73
267272,2026-04-06T13:56:01.090629,coffee,75694,39.53,34.87,95486.0,40.04,34.35,82821.0,40.64,33.91,94117,40.89,32.52,106911,41.08,32.81,104553,40.8,33.17,81089,40.4,34.41,77481,40.42,34.62
267772,2026-04-06T13:56:01.597474,coffee,75294,39.54,34.79,95486.0,40.08,34.28,82821.0,40.68,33.8,91526,40.93,32.44,106911,41.1,32.73,104553,40.83,33.05,81089,40.43,34.33,75829,40.45,34.54
268272,2026-04-06T13:56:02.085985,coffee,75294,39.57,34.76,95486.0,40.11,34.21,82821.0,40.72,33.71,91526,40.96,32.38,106911,41.13,32.68,103101,40.86,32.99,81089,40.46,34.23,75829,40.48,34.48
268772,2026-04-06T13:56:02.594139,coffee,75294,39.6,34.7,95273.0,40.14,34.13,82821.0,40.76,33.61,91526,40.98,32.31,106911,41.15,32.61,103101,40.89,32.89,81089,40.48,34.19,75829,40.5,34.42
269272,2026-04-06T13:56:03.097147,coffee,75294,39.62,34.63,95273.0,40.16,34.06,82821.0,40.79,33.54,91526,41.02,32.25,106911,41.18,32.54,103101,40.91,32.83,81089,40.5,34.1,75829,40.53,34.33
269772,2026-04-06T13:56:03.598086,coffee,75294,39.65,34.59,95273.0,40.19,34.0,82103.0,40.82,33.46,91526,41.05,32.2,105850,41.2,32.49,103101,40.95,32.76,80477,40.53,34.05,75829,40.55,34.28
270272,2026-04-06T13:56:04.095643,coffee,74375,39.67,34.54,95273.0,40.21,33.94,82103.0,40.85,33.36,90363,41.06,32.16,105850,41.22,32.44,103101,40.96,32.7,80477,40.54,34.0,75560,40.57,34.18
270772,2026-04-06T13:56:04.648138,coffee,74375,39.69,34.49,95273.0,40.24,33.89,82103.0,40.87,33.32,90363,41.09,32.09,105850,41.24,32.39,102790,40.99,32.66,80477,40.57,33.94,75560,40.6,34.14
271272,2026-04-06T13:56:05.158651,coffee,74375,39.71,34.45,94013.0,40.26,33.86,82103.0,40.9,33.26,90363,41.12,32.07,105850,41.27,32.35,102790,41.01,32.58,80477,40.58,33.9,75560,40.63,34.09
271772,2026-04-06T13:56:05.595609,coffee,74375,39.74,34.45,94013.0,40.28,33.83,82103.0,40.92,33.2,90363,41.13,32.06,105850,41.29,32.33,102790,41.03,32.55,80477,40.6,33.86,75560,40.65,34.05
272272,2026-04-06T13:56:06.086259,coffee,74375,39.76,34.41,94013.0,40.3,33.8,81012.0,40.95,33.15,90363,41.16,32.02,105068,41.31,32.29,102790,41.05,32.51,79651,40.63,33.83,75560,40.67,34.01
272772,2026-04-06T13:56:06.586545,coffee,73860,39.78,34.37,94013.0,40.32,33.77,81012.0,40.96,33.12,89982,41.18,32.01,105068,40.37,32.17,102790,41.07,32.49,79651,39.75,33.71,74700,40.69,33.97
273272,2026-04-06T13:56:07.096038,coffee,73860,38.89,34.25,94013.0,40.35,33.73,81012.0,40.99,33.08,89982,40.28,31.89,1052415,39.89,32.19,101265,41.09,32.45,970156,39.29,33.73,74700,39.8,33.85
273772,2026-04-06T13:56:07.586742,coffee,986987,38.48,34.29,91723.0,40.36,33.69,81012.0,41.02,33.04,1204705,39.83,31.91,1052415,39.66,32.32,101265,40.15,32.33,970156,39.08,33.86,871118,39.36,33.87
274272,2026-04-06T13:56:08.098038,coffee,986987,38.3,34.42,91723.0,39.47,33.58,81012.0,41.03,33.01,1204705,39.62,32.04,1052415,39.54,32.48,1034082,39.67,32.34,970156,38.95,34.03,871118,39.15,33.99
274772,2026-04-06T13:56:08.586940,coffee,986987,38.22,34.58,1214349.0,39.01,33.58,81476.0,41.05,32.97,1204705,39.49,32.17,1052415,39.44,32.67,1034082,39.44,32.47,970156,38.88,34.19,871118,39.03,34.14
275272,2026-04-06T13:56:09.086916,coffee,986987,38.17,34.79,1214349.0,38.8,33.71,81476.0,40.13,32.84,1204705,39.42,32.35,1052415,39.38,32.86,1034082,39.3,32.62,970156,38.82,34.4,871118,38.96,34.31
275772,2026-04-06T13:56:09.586846,coffee,986987,38.14,34.94,1214349.0,38.69,33.88,835918.0,39.67,32.87,1204705,39.36,32.53,1052415,39.33,33.0,1034082,39.21,32.79,970156,38.78,34.56,871118,38.9,34.49
276272,2026-04-06T13:56:10.086605,coffee,986987,38.11,35.09,1214349.0,38.61,34.05,835918.0,39.46,33.0,1204705,39.32,32.67,1052415,39.29,33.18,1034082,39.16,32.98,970156,38.75,34.74,871118,38.87,34.66
276772,2026-04-06T13:56:10.596123,coffee,986987,38.09,35.22,1214349.0,38.55,34.23,835918.0,39.32,33.15,1204705,39.28,32.8,1052415,39.27,33.35,1034082,39.11,33.15,970156,38.73,34.89,871118,38.83,34.81
277272,2026-04-06T13:56:11.086802,coffee,986987,38.07,35.33,1214349.0,38.51,34.39,835918.0,39.23,33.33,1204705,39.25,32.96,1052415,39.23,33.48,1034082,39.08,33.29,970156,38.7,35.03,871118,38.81,34.98
277772,2026-04-06T13:56:11.587896,coffee,986987,38.05,35.47,1214349.0,38.48,34.53,835918.0,39.17,33.5,1204705,39.22,33.08,1052415,39.21,33.6,1034082,39.05,33.43,970156,38.68,35.16,871118,38.79,35.1
278272,2026-04-06T13:56:12.107323,coffee,986987,38.04,35.57,1214349.0,38.45,34.69,835918.0,39.13,33.66,1204705,39.19,33.18,554412,39.18,33.71,1034082,39.01,33.58,456226,38.66,35.28,871118,38.76,35.22
278772,2026-04-06T13:56:12.597624,coffee,468114,38.02,35.68,1214349.0,38.42,34.82,835918.0,39.09,33.8,551278,39.16,33.28,554412,39.17,33.8,1034082,38.99,33.7,456226,38.65,35.38,436115,38.74,35.36
279272,2026-04-06T13:56:13.091717,coffee,468114,38.01,35.93,1214349.0,38.4,34.91,835918.0,39.06,33.94,551278,39.14,33.37,554412,39.15,33.9,551278,38.98,33.82,456226,38.63,35.48,436115,38.73,35.45
279772,2026-04-06T13:56:13.598145,coffee,468114,38.0,35.96,562174.0,38.38,35.0,835918.0,39.04,34.07,551278,39.13,33.44,554412,39.14,33.97,551278,38.96,33.9,456226,38.62,35.56,436115,38.71,35.55
280272,2026-04-06T13:56:14.098200,coffee,468114,37.98,35.83,562174.0,38.37,35.09,835918.0,39.02,34.18,551278,39.11,33.5,554412,39.12,34.04,551278,38.95,33.99,456226,38.61,35.62,436115,38.69,35.6
280772,2026-04-06T13:56:14.598388,coffee,468114,37.98,35.95,562174.0,38.35,35.15,430071.0,39.0,34.28,551278,39.09,33.57,554412,39.11,34.11,551278,38.93,34.05,456226,38.59,35.68,436115,38.68,35.67
281272,2026-04-06T13:56:15.096221,coffee,468114,37.97,35.94,562174.0,38.35,35.27,430071.0,38.98,34.39,551278,39.08,33.65,554412,39.1,34.17,551278,38.92,34.14,456226,38.58,35.74,436115,38.66,35.75
281772,2026-04-06T13:56:15.597924,coffee,468114,37.95,36.04,562174.0,38.33,35.33,430071.0,38.96,34.46,551278,39.06,33.69,554412,39.09,34.21,551278,38.91,34.21,456226,38.58,35.8,436115,38.66,35.8
282272,2026-04-06T13:56:16.098556,coffee,468114,37.94,36.14,562174.0,38.32,35.41,430071.0,38.96,34.54,551278,39.05,33.76,554412,39.08,34.26,551278,38.9,34.27,456226,38.56,35.86,436115,38.64,35.87
282772,2026-04-06T13:56:16.600324,coffee,468114,37.92,36.18,562174.0,38.31,35.47,430071.0,38.94,34.62,551278,39.04,33.81,554412,39.07,34.32,551278,38.88,34.34,456226,38.55,35.88,436115,38.63,35.92
283272,2026-04-06T13:56:17.095192,coffee,468114,37.92,36.24,562174.0,38.31,35.53,430071.0,38.94,34.7,551278,39.03,33.87,554412,39.07,34.36,551278,38.88,34.39,456226,38.55,35.94,436115,38.62,35.99
283772,2026-04-06T13:56:17.595756,coffee,468114,37.92,36.24,562174.0,38.29,35.58,430071.0,38.92,34.75,551278,39.01,33.9,554412,39.06,34.39,551278,38.87,34.43,456226,38.54,36.0,436115,38.61,36.03
284272,2026-04-06T13:56:18.096452,coffee,468114,37.91,36.27,562174.0,38.28,35.59,430071.0,38.91,34.8,551278,39.0,33.92,554412,39.06,34.43,551278,38.86,34.47,456226,38.53,36.02,436115,38.61,36.08
284772,2026-04-06T13:56:18.596142,coffee,468114,37.89,36.29,562174.0,38.27,35.64,430071.0,38.9,34.83,551278,39.0,33.96,554412,39.05,34.45,551278,38.86,34.49,456226,38.53,36.05,436115,38.59,36.11
285272,2026-04-06T13:56:19.096809,coffee,468114,37.89,36.29,562174.0,38.27,35.65,430071.0,38.89,34.86,551278,39.0,33.95,554412,39.04,34.45,551278,38.85,34.51,456226,38.53,36.07,436115,38.59,36.12
285772,2026-04-06T13:56:19.596827,coffee,468114,37.88,36.29,562174.0,38.26,35.64,430071.0,38.88,34.87,551278,38.98,33.96,554412,39.03,34.46,551278,38.85,34.55,456226,38.52,36.1,436115,38.58,36.16
286272,2026-04-06T13:56:20.098266,coffee,468114,37.87,36.27,562174.0,38.25,35.64,430071.0,38.87,34.87,551278,38.98,33.94,554412,39.03,34.46,551278,38.85,34.54,456226,38.52,36.09,436115,38.58,36.18
286772,2026-04-06T13:56:20.597045,coffee,468114,37.87,36.26,562174.0,38.25,35.63,430071.0,38.87,34.87,551278,38.97,33.91,554412,39.03,34.45,551278,38.84,34.54,456226,38.5,36.09,436115,38.57,36.17
287272,2026-04-06T13:56:21.093764,coffee,468114,37.85,36.24,562174.0,38.25,35.59,430071.0,38.86,34.86,551278,38.96,33.88,554412,39.02,34.44,551278,38.83,34.54,456226,38.51,36.12,436115,38.57,36.18
287772,2026-04-06T13:56:21.586708,coffee,468114,37.85,36.27,562174.0,38.24,35.58,430071.0,38.85,34.86,551278,38.96,33.88,554412,39.01,34.43,551278,38.83,34.54,456226,38.49,36.09,436115,38.56,36.18
